,target6
CC[C@@]1(CC[C@@H]2[C@@]1(CC[C@H]3[C@H]2CCC4=CCCC[C@H]34)C)O,0.024633609
C1=CC(=C(C=C1OC2=C(C=C(C=C2I)CC(=O)O)I)I)O,0.95898956
CCCCCCCC(=O)[O-].CCCCCCCC(=O)[O-].[Zn+2],0.032938745
CCCCCCCCCCOCC(CN)O,0.016623605
COC1=CC(=CC(=C1)O)O,0.018217612
CCOC(=O)C1=CN=CC=C1,0.019849814
CNC(=O)NC1=CC(=C(C=C1)Cl)Cl,0.19808266
CC(C)C(C(=O)OC(C#N)C1=CC(=CC=C1)OC2=CC=CC=C2)NC3=C(C=C(C=C3)C(F)(F)F)Cl,0.02348974
CCCCCCCCCCCC(=O)NCCCN(C)C,0.023851987
COC1=CC=C(C=C1)C2C(=O)C3=CC=CC=C3C2=O,0.02663388
CCN1CCC2=C(CC1)OC(=N2)N,0.023585707
CC1COC(O1)(CN2C=NC=N2)C3=C(C=C(C=C3)OC4=CC=C(C=C4)Cl)Cl,0.17001483
C[C@]12C[C@@H]([C@H]3[C@H]([C@@H]1C[C@@H]4[C@]2(OC(O4)(C)C)C(=O)CO)C[C@@H](C5=CC(=O)C=C[C@]35C)F)O,0.38290834
C([C@@H]([C@H]([C@@H](C(=O)CO)O)O)O)O,0.024172824
CNCC(=O)C1=CC(=C(C=C1)O)O,0.019598357
C1=CN=CC(=C1N)N,0.025868597
C(CC(=O)O)C(=O)CN,0.020550225
C1=CC(=C(C(=C1)Cl)COC(CN2C=CN=C2)C3=C(C=C(C=C3)Cl)Cl)Cl,0.7962475
C[C@]12CCC(=O)C=C1CC[C@@H]3[C@@H]2[C@H](C[C@]4([C@H]3CC[C@@]4(C(=O)COP(=O)([O-])[O-])O)C)O,0.95016986
CN1C[C@@H]2[C@@H](C1)C3=C(C=CC(=C3)Cl)OC4=CC=CC=C24,0.027640317
CC(C)(C)C1=CC(=CC(=C1O)C(C)(C)C)[N+](=O)[O-],0.031145148
C1=CC=C(C=C1)C(=O)C2=C(C=CC(=C2)Cl)O,0.6811959
CC1=CC=C(C=C1)C=C2C3CCC(C2=O)C3(C)C,0.036628194
CCCCCCCC[P+](CCCCCCCC)(CCCCCCCC)CCCCCCCC,0.6525834
C1=CC(=C2C(=C1[N+](=O)[O-])C(=O)C3=C(C=CC(=C3C2=O)O)[N+](=O)[O-])O,0.41207585
C1=CC2=C(C=C1O)OC3=C2C(=O)OC4=C3C=CC(=C4)O,0.94555134
CCOC(=O)C1=C(NC(=C(C1C2=C(C(=CC=C2)Cl)Cl)C(=O)OC)C)C,0.13592939
CN(C)[C@H]1[C@@H]2C[C@@H]3[C@@H](C4=C(C=CC(=C4C(=C3C(=O)[C@@]2(C(=C(C1=O)C(=O)N)O)O)O)O)Cl)O,0.0160004
C[Hg]Cl,0.96269095
C1=CC=C2C=C3C=C(C=CC3=CC2=C1)Cl,0.31164688
C1=CC=C2C(=C1)C=C3C=CC=CC3=C2Br,0.8829781
C1=CC2=C(C(=C(C=C2Cl)Cl)O)N=C1,0.9174218
CCCCCCCCCCCCCCN1C=C[N+](=C1)C,0.67807394
[O-][Cr](=O)(=O)O[Cr](=O)(=O)[O-],0.1402909
CC(=O)O[C@@H]1[C@@H](SC2=CC=CC=C2N(C1=O)CCN(C)C)C3=CC=C(C=C3)OC,0.022676913
CCCCC[C@@H](/C=C/[C@H]1[C@@H](CC(=O)[C@@H]1C/C=C\CCCC(=O)O)O)O,0.019379225
CCCCC[C@@H](/C=C/[C@H]1[C@@H](C[C@@H]([C@@H]1C/C=C\CCCC(=O)O)O)O)O,0.8529038
CC(C)(C)CC(C)(C)C1=CC(=C(C=C1)O)CC2=C(C=C(C=C2)Cl)Cl,0.03302773
CC1COC2=CC=CC=C2N1C(=O)C(Cl)Cl,0.67911327
CCCCC(CC)CN=C(N)NC(=NCCCCCCN=C(N)NC(=NCC(CC)CCCC)N)N,0.024251245
CC1(CC(=O)C2=CC=CC=C2C1=O)S(=O)(=O)[O-],0.28079572
CC1=NC2=C(C=C(C=C2)NC(=O)NC3=CC4=C(C=C3)N=C(C=C4N)C)C(=C1)N,0.020813968
CC1=NC=C(C(=C1O)CN)CO,0.019015016
C[C@H]1C(=O)N[C@H](C(=O)N/C(=C\NC(=O)N)/C(=O)N[C@H](C(=O)NC[C@@H](C(=O)N1)N)[C@@H]2CCN=C(N2)N)CNC(=O)C[C@H](CCCN)N,0.025341421
CCC(CC1=C(C(=C(C=C1I)I)O)I)C(=O)O,0.018423487
COC1=C(C=C(C=C1)N)N,0.4833481
CC(C)(C)C1=CC(=CC(=C1O)C(C)(C)C)/C=C\2/C(=O)N=C(S2)N,0.44215643
CCCCC(CC)COC(=O)C1=CC=CC=C1O,0.022500692
CN(C)C1=CC=C(C=C1)C(=O)C2=CC=C(C=C2)N(C)C,0.8800834
C1=C(C(=C(C(=C1[N+](=O)[O-])Cl)[N+](=O)[O-])Cl)C(F)(F)F,0.034646347
C1=CC(=C(C=C1C(F)(F)F)N)S,0.40577385
CC1=C(C(C(=C(N1)COC(=O)N)C(=O)OC(C)C)C2=C(C(=CC=C2)Cl)Cl)C(=O)OC,0.913551
CCCCCCCCCCCCCCCCCCOCC(CO)O,0.2568843
CCCOC1=C(C(=C(S1)C(=O)N2CCC(CC2)C3=C(C=CC(=C3)CN)F)C)Br,0.29879498
CCCCCCCCCCCCCCCCN,0.018033016
CC1=C(N(C2=C1C=C(C=C2)C(=O)OCCN(C)C)CCN(C)C)C,0.027232137
CN(C)C1=CC2=C(C=C1)N=C3C=CC(=[N+](C)C)C=C3S2,0.8121542
CC(C1=CC=CC=C1)NCCC(C2=CC=CC=C2)C3=CC=CC=C3,0.029812854
C1C(CC2=CC=CC=C2C1C3=C(SC4=CC=CC=C4C3=O)O)C5=CC=C(C=C5)C6=CC=C(C=C6)Br,0.7467293
CC1=NC2=C(C=C1)C(=CC(=C2O)Cl)Cl,0.89732724
CN(C1=CC=C(C=C1)OC(=O)C2=CC=CO2)C(=O)C(Cl)Cl,0.8446182
CCCCCC1=CC2=C(C(=C1)O)C3=C(C=CC(=C3)C)C(O2)(C)C,0.5801646
CC1=C(C(=NO1)C2=C(C=CC=C2Cl)Cl)C(=O)N[C@H]3[C@@H]4N(C3=O)[C@H](C(S4)(C)C)C(=O)[O-],0.019017898
C1=CC=C(C=C1)C(=O)NC2=CC=CC=C2SSC3=CC=CC=C3NC(=O)C4=CC=CC=C4,0.9531362
C1=CC=C(C=C1)C(C2=CC=CC=C2)C(=O)C3C(=O)C4=CC=CC=C4C3=O,0.023131128
C[C@@H]1CCC[C@@H](N1CCCC(C2=CC=CC=C2)(C3=CC=CC=N3)O)C,0.027155403
C1=CC=C2C3=C4C(=CC2=C1)C=CC5=C4C(=CC=C5)C=C3,0.89452654
CCN(CC)CCNC(=O)C1=CC=C(C=C1)N,0.025207924
CCCCCCCCCCCCCC[P+](CCCC)(CCCC)CCCC,0.03434484
CC(=O)NC1=CC(=C(C=C1)C(=O)OC)OC,0.02078846
CC(=O)NC1=C(C=C(C(=C1)OC)C(=O)OC)Cl,0.021937303
C1=CC(=C(C=C1N)C(F)(F)F)[N+](=O)[O-],0.025904743
CCOC(=O)C1=CC(=C(C=C1)O)O,0.019609973
C1CNCCC1(C2=CC=C(C=C2)Cl)O,0.023574466
C1CN(CCN1)C2=CC=CC=C2Cl,0.1248048
C1CN(CCN1)C(=O)C2=CC=CO2,0.024983652
CC(=O)C1=CC(=C(C=C1)O)C(=O)N,0.021488937
CCCC(=O)NC1=CC(=C(C=C1)O)C(=O)C,0.01974565
C1CNCCC1(C2=CC=CC=C2)O,0.019147553
CCCCCCCCOC(=O)C1=CC(=C(C(=C1)O)O)O,0.024916545
CC[C@@]1(C[C@H]2C[C@@](C3=C(CCN(C2)C1)C4=CC=CC=C4N3)(C5=C(C=C6C(=C5)[C@]78CCN9[C@H]7[C@@](C=CC9)([C@H]([C@@]([C@@H]8N6C)(C(=O)OC)O)OC(=O)C)CC)OC)C(=O)OC)O,0.9495943
CCN(CC)C1=CC2=C(C=C1)C(=CC(=O)O2)C,0.48887512
CCN(CC)C1=CC(=CC=C1)O,0.77892995
C1=CC=C2C(=C1)C(=C3C=CC=CC3=N2)N,0.97322446
C1=CC=C2C=C3C=C(C=CC3=CC2=C1)N,0.95638686
CCCCC(CC)CN1CC(CN(C1)CC(CC)CCCC)(C)N,0.025759978
C1=CC(=CC(=C1)Cl)C2=CC(=CC(=C2)Cl)Cl,0.028808873
CC1(CO[C@H](CN1)CC(=O)O)C,0.022215586
CC1=CC=CC=C1N=NC2=CC(=C(C=C2)NN=C3C(=O)C=CC4=CC=CC=C43)C,0.84199715
CCOC(=O)C1(CCN(CC1)CCC2=CC=C(C=C2)N)C3=CC=CC=C3,0.028210893
C[N+]1=C2C=C(C=CC2=CC3=C1C=C(C=C3)N)N.C1=CC(=CC2=NC3=C(C=CC(=C3)N)C=C21)N,0.8385942
CC/C=C\CCOC(C)OCC,0.020640425
CC(C)(C)C1=CC(=C(C=C1)O)O,0.9711251
CC(=O)OCC(=O)[C@]1(CC[C@@H]2[C@@]1(C[C@@H]([C@H]3[C@H]2CCC4=CC(=O)C=C[C@]34C)O)C)O,0.94943696
C[C@]12C[C@@H]([C@H]3[C@H]([C@@H]1CC[C@@]2(C(=O)COC(=O)CC(C)(C)C)O)CCC4=CC(=O)C=C[C@]34C)O,0.016872892
C1=CC=C(C=C1)S(=O)(=O)OC2=C(C=C(C=C2)Cl)Cl,0.93385196
C1CCN(C1)CCCl,0.024617054
CN(C)CCCNCCCN,0.101988934
CC(C)CC(C)(C1=CC=C(C=C1)O)C2=CC=C(C=C2)O,0.9675634
C[C@@H]1CC2=CC(=O)CC[C@@H]2[C@@H]3[C@@H]1[C@@H]4CC[C@]([C@]4(CC3)C)(C)O,0.015939835
CCOC1=CC=C(C=C1)N=NC2=C(C=C(C=C2)N)N,0.9698014
CC1=C(N=C(O1)C2=CC=CC=C2)CCOC3=CC=C(C=C3)CN(CC(=O)O)C(=O)OC4=CC=C(C=C4)OC,0.015311329
COC1=C(C=C(C=C1)S(=O)(=O)N)C(=O)OC,0.02022243
CC1COC2(N1CC(=O)NC3=C2C=C(C=C3)Cl)C4=CC=CC=C4Cl,0.030719507
CCCCC(CC)CNC(=O)CC(C)OC(=O)CCC(=O)O,0.019645317
COC(=O)NC1=NC2=C(N1)C=C(C=C2)C(=O)C3CC3,0.028614108
C1=CC=C2C(=C1)C(=O)NC3=C(O2)C=CC(=C3)Cl,0.14320767
C1=CC=C(C=C1)N(CCC(=O)O)C(=O)C2=C(C(=C(C=C2I)I)N)I,0.01773513
CNC(=O)C1=CN(N=C1)C2=NC3=C(C(=N2)N)N=CN3[C@H]4[C@@H]([C@@H]([C@H](O4)CO)O)O,0.017605403
C[C@]12CC[C@H]3[C@H]([C@@H]1CC[C@@H]2OC(=O)CCC4CCCCC4)CCC5=CC(=O)CC[C@H]35,0.14752129
CC(C(C1=CC=CC=C1)O)N(C)C/C=C/C2=CC=CC=C2,0.028227728
C1=CC=C2C(=C1)NC3=C(S2)C=CC(=C3)Cl,0.027206901
CC1CCC2=C3N1C=C(C(=O)C3=CC(=C2C)F)C(=O)O,0.023602674
COCCOCC(OC)OC,0.02296359
C1CN(CCN1)C2=CC=CC=C2,0.025714388
CC(=O)C1=CC[C@@H]2[C@@]1(CC[C@H]3[C@H]2CC=C4[C@@]3(CC[C@@H](C4)OC(=O)C)C)C,0.13163044
C1=CC(=C(C(=C1[N+](=O)[O-])Cl)Cl)Cl,0.14945725
C1=CC(=C(C(=C1O)Cl)Cl)Cl,0.026155896
C1=CC=C(C=C1)C2=CC(=O)C3=CC=CC=C3O2,0.8878577
C(CCC(=O)O)CCN,0.02283824
CC1=CC(=C(C(=C1)C(C)(C)C)O)CC2=C(C(=CC(=C2)C)C(C)(C)C)O,0.6976393
C[C@](CC1=CC=C(C=C1)O)(C(=O)O)N,0.020374682
C[C@@]1([C@@H](N2[C@H](S1(=O)=O)CC2=O)C(=O)[O-])CN3C=CN=N3,0.024337424
CC(=O)OC1=CC=C(C=C1)C(=C2CCCCC2)C3=CC=C(C=C3)OC(=O)C,0.13586628
CC1CN(CCN1)C2=C(C(=C3C(=C2)N(C=C(C3=O)C(=O)O)C4CC4)C)F,0.020691628
C(C(=O)O)N,0.025681635
C1CCCN(CCC1)CCN=C(N)N,0.020378599
C1=CC=C2C(=C1)C3=NNC4=CC=CC(=C43)C2=O,0.08463042
C1=CC(=CC=C1CCO[C@H]2[C@@H]([C@H]([C@@H]([C@H](O2)CO)O)O)O)O,0.019606546
CC(C)(C1CCC(CC1)O)C2CCC(CC2)O,0.83280134
CC(=O)OCC1=C(N2[C@@H]([C@@H](C2=O)NC(=O)CC3=CC=CS3)SC1)C(=O)O,0.5245337
CC1=C(N2[C@@H]([C@@H](C2=O)NC(=O)[C@@H](C3=CC=CC=C3)N)SC1)C(=O)O,0.017856263
C1=CC=C(C=C1)NC(=O)C2=CC=CC=C2O,0.46228048
C1=CC(=C(C=C1O)C(F)(F)F)[N+](=O)[O-],0.030621652
CC1CC(CC(N1C)(C)C)OC(=O)C(C2=CC=CC=C2)O,0.8454492
C1=CC=C(C=C1)C(=O)OOC(=O)C2=CC=CC=C2,0.027365211
CC(=O)[O-].CC(=O)[O-].[Mg+2],0.8141804
C1CC2=CC=CC=C2C(=O)C3=CC=CC=C31,0.8329823
CCCCCCCCN1C(=O)C=CS1,0.7137059
C1=CC(=O)OC2=CC(=C(C=C21)O[C@H]3[C@@H]([C@H]([C@@H]([C@H](O3)CO)O)O)O)O,0.027808638
CCC(COCCOC(=O)C=C)(COCCOC(=O)C=C)COCCOC(=O)C=C,0.8444181
COC1=CC(=CC(=C1OC)OC)/C=C/C(=O)N,0.023101922
CCOC1=NC=C(C(=O)N1)F,0.018392533
C1CC(CCC1=O)(C#N)C2=CC=C(C=C2)F,0.028639833
CC1=CC=C(C=C1)C(C)OC(=O)C2(CCC(C2(C)C)C(=O)O)C.C(CO)NCCO,0.02477332
CCOC(=O)C(C1=C(C2=CC=CC=C2OC1=O)O)C3=C(C4=CC=CC=C4OC3=O)O,0.019272558
C1C2=CC=CC=C2C(=O)C3=C(O1)C=CC(=C3)CC(=O)O,0.024534537
C1=CC(=C(C(=C1)Cl)CN2C=NC3=C2N=CN=C3N)F,0.031081282
COCCC1=CC=C(C=C1)OCC2CO2,0.024183726
C#CC1=CC=C(C=C1)C2=CC=CC=C2F,0.025149582
C/C=C(/C(=C/C)/C1=CC=C(C=C1)OC(=O)C)\C2=CC=C(C=C2)OC(=O)C,0.7459683
C1C2CN(CC1CN(C2)C(=O)C3=CC=C(C=C3)N)CC4=CC=CC=C4,0.025441857
CN(C)[C@H]1[C@@H]2C[C@@H]3CC4=C(C(=CC=C4)O)C(=C3C(=O)[C@@]2(C(=C(C1=O)C(=O)N)O)O)O,0.016572734
CC1=C(OC(=O)O1)COC(=O)[C@H]2C(S[C@H]3N2C(=O)[C@H]3NC(=O)[C@@H](C4=CC=CC=C4)N)(C)C,0.017948171
CC#C[C@@]1(CC[C@@H]2[C@@]1(CC[C@H]3[C@H]2C[C@@H](C4=CC(=O)CC[C@]34C)C)C)O,0.124262564
CCOC(=O)C(=O)CCCCCCl,0.017890858
C1=CC=C(C(=C1)C(=O)C2=C(C=CC(=C2)Cl)N)F,0.15537187
CC1=C(C(=NC(=N1)N)N)C2=CC(=C(C=C2)Cl)Cl,0.15318707
C[C@@H]1C2=C(CN1)C=C(C=C2)C3=C(C4=C(C=C3)C(=O)C(=CN4C5CC5)C(=O)O)OC(F)F,0.018558664
CNC(=O)CN(CCN(CCN(CC(=O)NC)CC(=O)[O-])CC(=O)[O-])CC(=O)[O-].[Gd+3],0.02150145
CCOCN1C(=C(C(=C1C(F)(F)F)Br)C#N)C2=CC=C(C=C2)Cl,0.7917148
CC[C@@]1(C[C@@H]2C[C@@](C3=C(CCN(C2)C1)C4=CC=CC=C4N3)(C5=C(C=C6C(=C5)[C@]78CCN9[C@H]7[C@@](C=CC9)([C@H]([C@@]([C@@H]8N6C)(C(=O)N)O)O)CC)OC)C(=O)OC)O,0.74533165
CCCCCCCCCCCC(=O)OCC(C)OC(=O)CCCCC(=O)O,0.021937912
CCCCCCOC1=CC=C(C2=CC=CC=C21)C(=N)N(CCCC)CCCC,0.024912503
CC1=CC(=C2C(=C1)C=C(N2CC(=O)O)C(=O)NC3=NC(=C(S3)CCC4CCCCC4)C5=CC(=C(C=C5OC)Cl)OC)C,0.57370085
CC1(C2=CC=CC=C2C(=CCCN(C)C)C3=CC=CC=C31)C,0.44466826
C1=CC(=CC(=C1)F)CN2C3=C(C=C(C=C3)F)C=C2C(=O)NC4=CC5=C(C=C4)NC=C5,0.031263612
COC(=O)C1=C(C=CC(=C1)OC2=C(C=C(C=C2)Cl)Cl)[N+](=O)[O-],0.47361124
C([C@@H](C(=O)O)N)SSC[C@@H](C(=O)O)N,0.024877314
CC(=O)N1C[C@@H](C[C@H]1C(=O)O)O,0.94261235
C[C@H]([C@@H](C(=O)O)N)O,0.018147081
CC1=C(C(=CC=C1)OCC(CNC(C)(C)C)O)C,0.025252875
CC1C(C(CC(O1)OC2C[C@@](CC3=C(C4=C(C(=C23)O)C(=O)C5=C(C4=O)C=CC=C5OC)O)(C(=O)CO)O)N6CCOC(C6)OC)O,0.019546045
C1=C(C=C(C(=C1Cl)[O-])SC2=CC(=CC(=C2[O-])Cl)Cl)Cl,0.106800415
CC1=CC=C(C=C1)S(=O)(=O)N[C@@H](CCCCN)C(=O)CCl,0.70980346
CC(C1=CC=C(C=C1)O)(C2=CC=C(C=C2)O)C3=CC=C(C=C3)O,0.9665646
C1=CC(=CC=C1COC(CN2C=CN=C2)C3=C(C=C(C=C3)Cl)Cl)Cl,0.8296764
C[C@@]1(C(=O)N(C(=N1)SC)NC2=CC=CC=C2)C3=CC=CC=C3,0.7609
CCC1(CCC(=O)NC1=O)C2=CC=CC=C2,0.030021615
C[C@]12CCC(=O)C=C1CC[C@@H]3[C@@]2([C@H](C[C@]4([C@H]3C[C@@H]5[C@]4(OC(O5)(C)C)C(=O)CCl)C)O)F,0.37649715
C[C@H]1C[C@H]2[C@@H]3CC[C@@H]([C@]3(C[C@@H]([C@@H]2[C@@]4(C1=CC(=O)CC4)C)O)C)C(=O)C,0.25474823
CO/N=C(/C1=CC=CC=C1OC2=C(C(=NC=N2)OC3=CC=CC=C3Cl)F)\C4=NOCCO4,0.44605297
C1=CC(=CC=C1C(=O)NN=CC2=CC=C(O2)[N+](=O)[O-])O,0.119871564
CCCCCCCC,0.028833315
C1=CC=C2C=C3C(=CC2=C1)C(=NC3=N)N,0.9534156
CC1=CC(=C(C=C1SC2=CC(=C(C=C2C)O)C(C)(C)C)C(C)(C)C)O,0.7121093
C1=CC=C(C=C1)NC2=CC=CC=C2N,0.66835654
C[C@@]12[C@](C[C@@H](O1)N3C4=CC=CC=C4C5=C6C(=C7C8=CC=CC=C8N2C7=C53)CNC6=O)(CO)O,0.8039043
CSCCCN=C=S,0.46142182
CC1=C(C=C(C=C1)N2C(=O)C(=C(N2)C)NN=C3C=CC=C(C3=O)C4=CC(=CC=C4)C(=O)O)C,0.51854455
C1=CC(=O)NC=C1C(=O)O,0.018163811
CN1CCC(CC1)N(CC2=CC=CC=C2)C3=CC=CC=C3,0.027507002
CC1=NC2=C(C=C1)C=CC(=C2)Cl,0.024399031
[CH-]1C=CC=C1.[CH-]1C=CC=C1.Cl[V]Cl,0.15742378
CC1=CN=C(C(=C1OC)C)CSC2=NC3=C(N2)C=C(C=C3)OC,0.025682963
CO[C@H]1[C@@H](C[C@@H]2CN3CCC4=C([C@H]3C[C@@H]2[C@@H]1C(=O)OC)NC5=C4C=CC(=C5)OC)OC(=O)/C=C/C6=CC(=C(C=C6)O)OC,0.027336199
C/C(=C(\C1=C(C=C(C=C1)Cl)Cl)/OCCOC2=CC=C(C=C2)Cl)/N3C=CN=C3,0.5787339
C1CC2C[C@H]1[C@H]3[C@@H]2CN(C3)NC(=O)C4=CC(=C(C=C4)Cl)S(=O)(=O)N,0.017081225
C1=CC=C(C=C1)SC2=CC=C(C=C2)COC(CN3C=CN=C3)C4=C(C=C(C=C4)Cl)Cl,0.60864973
C1=CC=C(C(=C1)C(=O)OCC(CO)O)N,0.020414056
CCCCCCCCC/C=C\C=C/C=C\C=C/C=C\C(=O)OCC,0.028454423
CN(C)CCN1CCN(C1=O)C2=CC(=CC=C2)Cl,0.030022027
CCOC(=O)OC1=C(C=C(C=C1)CCNC(=O)[C@H](CCSC)NC(=O)C)OC(=O)OCC,0.018586077
CC(C)NCCCC1(C2=CC=CC=C2C3=CC=CC=C31)C(=O)N,0.025625002
CN[C@H]1CCC2=CC(=C(C(=C2C3=CC=C(C(=O)C=C13)OC)OC)OC)OC,0.8174976
C1=CC=C2C(=C1)C=C3C=CC=CC3=C2C#N,0.0937446
C1=CC=C(C=C1)C(=O)/C=C/C2=CC=C(C=C2)[N+](=O)[O-],0.602054
CCC1=NN(C(=C1Cl)C(=O)NCC2=CC=C(C=C2)C(C)(C)C)C,0.73719645
C1CCC(C1)(C2=CC3=C(C=C2)[C@@H]([C@H](CO3)CC4=CC=C(C=C4)C5=CC=CC=C5)O)C(=O)O,0.121331
C[C@@H]1CC[C@H]2[C@H](C(=O)O[C@H]3C24[C@H]1CC[C@@](O3)(OO4)C)C,0.020562116
C1=CC(=CC=C1[C@@H](C(=O)O)N)O,0.024076158
C1CCN(CC1)C2(CCN(CC2)CCCC(=O)C3=CC=C(C=C3)F)C(=O)N,0.024906306
CC1=CC(=CC=C1)N(C)C(=S)OC2=CC3=C(C=C2)C4CCC3C4,0.031825524
C1=CC=C(C=C1)CNC(=O)CCCl,0.023336327
CC(C)CCCC(C)NCCC(C)C,0.02027101
CCCCCCCCCCN1C=C[N+](=C1)C,0.3312744
C1C(O1)CN(CC2CO2)C3=CC=C(C=C3)CC4=CC=C(C=C4)N(CC5CO5)CC6CO6,0.93141115
CCC(=O)OCC(=O)[C@]1([C@H](C[C@@H]2[C@@]1(C[C@@H]([C@]3([C@H]2CCC4=CC(=O)C=C[C@@]43C)Cl)O)C)C)OC(=O)CC,0.4911455
CCCCCCCCCCCCCCC(C(=O)O)Br,0.23807438
CC1=CC(=C(C(=C1O)C)C)O,0.018188717
CC1=C(N2[C@@H]([C@@H](C2=O)NC(=O)[C@@H](C3=CC=C(C=C3)O)N)SC1)C(=O)O,0.11967459
C[C@@H]1CN(C[C@@H](N1)C)CCCN2C3=CC=CC=C3C4=CC=CC=C42,0.030417806
CN(CC(CO)O)C(=O)C1=C(C(=C(C(=C1I)C(=O)NCC(CO)O)I)NC(=O)COC)I,0.015145901
C1=CC=C(C(=C1)C=CC2=CC=C(C=C2)C3=CC=C(C=C3)C=CC4=CC=CC=C4S(=O)(=O)[O-])S(=O)(=O)[O-],0.034585595
C1=CC=C2C(=C1)C(=O)C(=C(C2=O)Cl)Cl,0.86587757
CCCCCCCCCCCCN,0.022385513
CC1=C(C(C(=C(N1)C)C(=O)OCCC2=CC=C(C=C2)N3CCN(CC3)C(C4=CC=CC=C4)C5=CC=CC=C5)C6=CC(=CC=C6)[N+](=O)[O-])C(=O)OC,0.02392323
CCCC[Sn](CCCC)(CCCC)OC(=O)C(=C)C,0.83078665
CC1=CC(=O)OC2=C1C=CC(=C2)N(C)C,0.63121307
C=CC(=O)OCCCCCCOC(=O)C=C,0.96936584
CCOC(C1=CC=CC=C1)(C2=CC=CC=C2)C(=O)OCCN(C)C,0.023630546
CCCCN(CCCC)C(C1=CC=C(C=C1)OC)C(=O)N,0.022590987
CC1=CC=CC=C1CNC2=NC=NC3=C2N=CN3[C@H]4[C@@H]([C@@H]([C@H](O4)CO)O)O,0.4943569
C1=CC(=C(C=C1[C@H](CN)O)O)O,0.025962632
COC(=O)N=NC=C1C=[N+](C2=CC=CC=C2N1O)[O-],0.03206308
CC(C)(C(Cl)(Cl)Cl)O,0.022052245
C1=CC=C2C(=C1)C(=O)N(C(=O)N2)CCCl,0.02535672
COC(=O)NC1=NC2=C(N1)C=C(C=C2)SC3=CC=CC=C3,0.98264366
C[C@]12CC[C@H]3[C@H]([C@@H]1CC[C@@H]2O)CCC4=C3C=CC(=C4)OC(=O)N(CCCl)CCCl,0.018615738
C(C(C(=O)O)N)S,0.022668427
C1=CSC(=C1)/C=C/S(=O)(=O)NC(=O)C2=C(C=C(C=C2)F)Br,0.9292587
CN1C2=NC(=NC=C2CN(C1=O)C3=CC=CC=C3Br)NC4=CC5=C(C=C4)OC(CO5)CO,0.038131278
CC1=NC=C(C(=N1)N)CN(/C(=C(\SS/C(=C(\N(C=O)CC2=CN=C(N=C2N)C)/C)/CCOC(=O)C(C)C)/CCOC(=O)C(C)C)/C)C=O,0.02208575
[B-](F)(F)(F)F.CCCCCCCCN1C=C[N+](=C1)C,0.73650944
CC(=O)NO,0.029220445
CC(C)(C)C1=CC=C(C=C1)CSC2=C(C(=O)N(N=C2)C(C)(C)C)Cl,0.7687882
CNC(=O)C1=C(C(=C(C(=C1I)NC(=O)CCCCC(=O)NC2=C(C(=C(C(=C2I)C(=O)O)I)C(=O)NC)I)I)C(=O)O)I,0.014163129
CC1=C(N=CN1)C2=CC=C(C=C2)Cl,0.027349565
C1COCCN1CCOC(=O)C2=C(N=CC=C2)NC3=CC=CC(=C3)C(F)(F)F,0.14908929
C1COCCN1CCN2C=NC=C2[N+](=O)[O-],0.02993827
CN1C2=C(C(=O)N(C1=O)C)N(C=N2)CC(=O)O,0.023087092
CCOC(=O)C(=O)CCC1=CC=CC=C1,0.021756832
CCOC(=O)C(=O)C1=CSC(=N1)NC=O,0.021846315
CO/N=C(\C1=CSC(=N1)NC(=O)CCl)/C(=O)O,0.11974323
CCN1CCCC1CNC(=O)C(C2=CC=CC=C2)(C3=CC=CC=C3)O,0.024426494
CCN(CC)CC(=O)OC1=CC=C(C=C1)NC(=O)C,0.023213511
CC(CN1C2=CC=CC=C2SC3=C1N=CC=C3)N(C)C,0.030303556
CC1([C@H]([C@@H](C2=C(O1)C=C(C=C2)OC)C3=CC=C(C=C3)OCCN4CCCC4)C5=CC=CC=C5)C,0.020581188
CC1=C(C(=O)C(=C(C1=O)C)C(CCCCCC(=O)O)C2=CC=CC=C2)C,0.1375507
Cl[In](Cl)Cl,0.862856
C[N+]1([C@@H]2CC[C@H]1CC(C2)OC(=O)C(C3=CC=CC=C3)(C4=CC=CC=C4)O)CCF,0.01933555
CC1=C(N(C2=C1C=C(C=C2)O)CC3=CC=C(C=C3)OCCN4CCCCCC4)C5=CC=C(C=C5)O,0.7123376
CC1=CC=C(C=C1)S(=O)(=O)O,0.018189915
CN1CCC[C@@H]1C2=CN=CC=C2,0.02785581
C1=CC(=C(C=C1Cl)Cl)C(CN2C=CN=C2)OCC3=C(SC=C3)Cl,0.7841506
CCCC1CCCCN1,0.025025794
COC(=O)C1=C(N=C(C(=N1)Cl)Cl)N,0.66541016
CC(=O)OCC[N+](C)(C)C,0.023834718
C1=CC=C(C=C1)CCCC(=O)[O-],0.018564949
CCOC(=O)OC(C)OC1=C(N(S(=O)(=O)C2=CC=CC=C21)C)C(=O)NC3=CC=CC=N3,0.018884338
COC1=C(C=C(C=C1)Cl)C(=O)NCCC2=CC=C(C=C2)S(=O)(=O)N,0.02155307
CC1=CN(C(=O)NC1=O)[C@H]2[C@H]([C@@H]([C@H](O2)CO)O)F,0.027421337
CCC(CC)(CNC(=O)CCCO)C1=CC(=CC=C1)OC,0.022353431
COC1=C2CCCCC(C2=NC=C1)S(=O)C3=NC4=CC=CC=C4N3,0.14093085
CCN1C2=C(C(=O)N(C1=O)CC)N(C(=N2)/C=C/C3=CC(=C(C=C3)OC)OC)C,0.023943204
CCCC1=CC(=C(C=C1)OCC(=O)N2CCN(CC2)C(=O)COC3=C(C=C(C=C3)CCC)OC)OC,0.13675572
CC(C)(C)C1=CC(=CC(=C1O)C(C)(C)C)C=O,0.022827933
CCC(=O)N(C1CCNCC1)C2=CC=CC=C2,0.030616144
C1=CC=C(C(=C1)C(=O)C2=C(C=CC(=C2)Cl)NC(=O)CBr)F,0.025760852
C1=CC=C(C=C1)N2C(=O)C=CC2=O,0.43650934
CC1=CC2=C(C=C1C(=C)C3=CC=C(C=C3)C(=O)O)C(CCC2(C)C)(C)C,0.71374094
COCCCCCCCCOCCC[Si](C)(O[Si](C)(C)C)O[Si](C)(C)C,0.43722227
CC(C)C[C@@H](C(=O)[C@]1(CO1)C)NC(=O)[C@H](CC2=CC=CC=C2)NC(=O)[C@H](CC(C)C)NC(=O)[C@H](CCC3=CC=CC=C3)NC(=O)CN4CCOCC4,0.93479604
CC1=CC(=C(C=C1)Cl)OCC(CNC(C)(C)C)O,0.025466137
COC1=CC(=CC(=C1OC)OC)[C@H]2[C@@H]3[C@H](COC3=O)[C@H](C4=CC5=C(C=C24)OCO5)O,0.77200496
C(/C=C/C(=O)O)N,0.023220528
C[N+](CCCl)(CCCl)[O-],0.0206426
CC1=NN(C(=C1/C=N\OCC2=CC=C(C=C2)C(=O)OC(C)(C)C)OC3=CC=CC=C3)C,0.13114138
CC1=CC=CC=C1OCC2=CC=CC=C2/C(=N/OC)/C(=O)OC,0.15340105
CCCC[Sn](CCCC)(CCCC)OC(=O)C=C,0.8204819
CN1CCC(C(C1)C(=O)C2=CC=C(C=C2)F)(C3=CC=C(C=C3)F)O,0.024603033
CCOC(=O)C1=C(N(C2=C1C=C(C=C2)O)C)C,0.031249143
C1=CC=C(C=C1)CCI,0.021443022
CCCCCCCC/C=C\CCCCCCCCN,0.021756303
CCCCCCCC[N+](CCCCCCCC)(CCCCCCCC)CCCCCCCC,0.6519432
C[C@H]1CCC[C@@]2([C@@H](O2)CC(OC(=O)C[C@@H](C(C(=O)[C@@H](C1O)C)(C)C)O)/C(=C/C3=CSC(=N3)C)/C)C,0.035350222
CC(=CC[C@@H]1[C@](O1)(C)[C@H]2[C@@H]([C@@H](CC[C@]23CO3)OC(=O)NC(=O)CCl)OC)C,0.8756486
C1=CC=C(C=C1)C2=NC3=C(N=C2N)N=C(N=C3N)N,0.8971212
CSC1=NC2=CC(=C(C=C2N1)Cl)OC3=C(C(=CC=C3)Cl)Cl,0.69097126
COP(=O)(OC)O/C(=C\Cl)/C1=CC(=C(C=C1Cl)Cl)Cl,0.45525515
C1=CC=C(C=C1)CSC#N,0.027927423
CNC[C@@H](C1=CC(=C(C=C1)O)O)O,0.021707822
CCN(CC)CCNC(=O)C1C(=C(N=C1C)/C=C\2/C3=C(C=CC(=C3)F)NC2=O)C.C(C(C(=O)O)O)C(=O)O,0.018104888
CCCCC(=O)OCC(=O)[C@]1(C[C@@H](C2=C(C3=C(C(=C2C1)O)C(=O)C4=C(C3=O)C(=CC=C4)OC)O)O[C@H]5C[C@@H]([C@@H]([C@@H](O5)C)O)NC(=O)C(F)(F)F)O,0.9181451
CC1=C(C=CC=C1O)C(=O)N[C@@H](CSC2=CC=CC=C2)[C@@H](CN3C[C@H]4CCCC[C@H]4C[C@H]3C(=O)NC(C)(C)C)O,0.90694743
CC(C)C(=O)NC1=CC=CC(=C1)C2CN3CCSC3=N2,0.029879263
CC1=NC(=C(O1)C2=CC(=C(C=C2)S(=O)(=O)N)F)C3CCCCC3,0.025667261
CC(C)C(=O)NC1=CC=CC(=C1)C(F)(F)F,0.022970535
CC1=CC2=C(C=C1CC(=O)C3=C(C=CS3)S(=O)(=O)NC4=C(C(=NO4)C)Cl)OCO2,0.019505363
CCOCCN1C2=CC=CC=C2N=C1C3CCN(CC3)CCC4=CC=C(C=C4)C(C)(C)C(=O)O,0.02016862
CCC(=O)O[C@H]1CCC2C3CCC4([C@H](CCC4C3CCC2=C1)OC(=O)CC)C,0.02376602
COC1=C(C=C2C(=C1)CCC2=O)OC,0.022843601
C1CNCCC1N2C3=CC=CC=C3NC2=O,0.026455713
C1CNCCC1N2C3=C(C=C(C=C3)Cl)NC2=O,0.027529588
C1=CC(=C(C(=C1)Cl)C=NN=C(N)N)Cl,0.024667889
CCN(CC)CCOC1=CC=C(C=C1)CC2=CC=CC=C2,0.026558572
C(CN)CNCCSP(=O)(O)O,0.018670922
CC1=NC(=NC(=N1)OC)NC(=O)NS(=O)(=O)C2=CC=CC=C2Cl,0.031912956
CC[C@H](C)[C@@H]1[C@H](CC[C@@]2(O1)C[C@@H]3C[C@H](O2)CC=C([C@H]([C@H](C=CC=C4CO[C@H]5[C@@]4([C@@H](C=C([C@H]5O)C)C(=O)O3)O)C)O[C@H]6C[C@@H]([C@H]([C@@H](O6)C)O[C@H]7C[C@@H]([C@H]([C@@H](O7)C)O)OC)OC)C)C,0.021993384
CCOC(=O)C1=C(SC2=C1CCN(C2)CC3=CC=CC=C3)N,0.02618501
[Cd+2],0.8548672
CC(=O)C1=CC2=C(C=C1)C3=CC=CC=C3C2,0.8278496
CC1CC(=O)NN=C1C2=CC3=C(C=C2)N=C(N3)C4=CC=C(C=C4)OC,0.4149327
C1=CC(=CC=C1N)N,0.69253266
CC1(CN=C(NC1)NN=C(/C=C/C2=CC=C(C=C2)C(F)(F)F)/C=C/C3=CC=C(C=C3)C(F)(F)F)C,0.82673
COC1=C(C=CC(=C1)NS(=O)(=O)C)NC2=C3C=CC=CC3=NC4=CC=CC=C42,0.094501816
CC1=C[C@@H]2[C@H](CC[C@]3([C@H]2CC(=C)[C@@]3(C(=O)C)OC(=O)C)C)[C@@]4(C1=CC(=O)CC4)C,0.38847083
C1=CC=C(C(=C1)CC2=CC=CC=C2O)O,0.36496753
CC1=C(C2=CC=CC=C2C(=C1)O)O,0.38799548
COC(=O)[C@]12CC3=C(C1=NN(CO2)C(=O)N(C4=CC=C(C=C4)OC(F)(F)F)C(=O)OC)C=CC(=C3)Cl,0.72382694
C1[C@@H]([C@@H]([C@H]([C@@H]1O)/C=C/[C@H](COC2=CC=CC(=C2)C(F)(F)F)O)C/C=C\CCCC(=O)O)O,0.8587128
CC[C@]1(C[C@@H](C2=C([C@H]1C(=O)OC)C=C3C(=C2O)C(=O)C4=C(C3=O)C=CC=C4O)O[C@H]5C[C@@H]([C@@H]([C@@H](O5)C)O[C@H]6C[C@@H]([C@@H]([C@@H](O6)C)O[C@H]7CCC(=O)[C@@H](O7)C)O)N(C)C)O,0.9919109
CCCCCCCCCCCCCC[P+](CCCC)(CCCC)CCCC.CCCCCCCCCCCCC1=CC=CC=C1S(=O)(=O)[O-],0.8103532
B([C@H](CC(C)C)NC(=O)[C@H](CC1=CC=CC=C1)NC(=O)C2=NC=CN=C2)(O)O,0.9439481
CCN1C2=CC=CC=C2SC1=CC=CC=CC3=[N+](C4=CC=CC=C4S3)CC,0.043480545
C1=CC=C2C(=C1)C3=CC=CC=C3C2(C4=CC=C(C=C4)O)C5=CC=C(C=C5)O,0.038640756
C/C(=N\NC(=O)C1=CC=NC=C1)/C(=O)O,0.020882213
COC1=CC2=C(C=C1)C(=O)CCC2,0.022535244
C1CCC2(C1)CC(=O)NC(=O)C2,0.021590363
CCCCCN(CCCOC)C(=O)C(CCC(=O)O)NC(=O)C1=CC(=C(C=C1)Cl)Cl,0.018690173
C[C@@H](NCC(CN[C@@H](/C(=N\O)/C)C)(C)C)/C(=N\O)/C,0.030359708
CCC1=CC2=CC(=C(C=C2C(=N1)CC3=CC=CC=C3)OC)OC,0.024481824
CC[N+]1(CCC(C1)OC(=O)C(C2=CC=CC=C2)(C3=CC=CC=C3)O)CC,0.02763913
C[C@@H](C(=O)N1CC2=CC(=C(C=C2C[C@H]1C(=O)O)OC)OC)N[C@@H](CCC3=CC=CC=C3)C(=O)O,0.017480092
CCOC(=O)C1=CC(=O)C2=C(O1)C=CC=C2OCC(COC3=CC=CC4=C3C(=O)C=C(O4)C(=O)OCC)OC(=O)[C@H](CCCCN)N,0.017834552
CCCCCCCCN1C=C[N+](=C1)C.C(F)(F)(F)S(=O)(=O)[N-]S(=O)(=O)C(F)(F)F,0.46538875
CCCCCCCCCCCCCCCCCC[N+](C)(C)CC1=CC=CC=C1,0.03182281
CN(C)S(=O)(=O)C1=CC=C(C=C1)OP(=S)(OC)OC,0.02223221
CCCCCCCCCCCCCCC(=O)O,0.014131339
CN(C)CCC1=CNC2=C1C=C(C=C2)C[C@H]3COC(=O)N3,0.026855208
CC1=C(C(=O)C2=CC=CC=C2C1=O)C/C=C(\C)/CCC[C@H](C)CCC[C@H](C)CCCC(C)C,0.01946617
COC1=C(C(=C(C=C1)CN2CCNCC2)OC)OC,0.029078808
CC1=CC=CC2=C1C=C3C=CC4=C5C3=C2C=CC5=CC=C4,0.8913147
COP(=S)(OC)OC1=CC=C(C=C1)SC2=CC=C(C=C2)OP(=S)(OC)OC,0.025915729
C12=C(NC(=O)N1)NC(=NC2=O)[O-],0.023978775
CCCC(=O)O[C@@]1([C@H](C[C@@H]2[C@@]1(CC(=O)[C@]3([C@H]2CCC4=CC(=O)C=C[C@@]43C)F)C)C)C(=O)CCl,0.13117641
CN(C)CCN(CC1=CSC=C1)C2=CC=CC=N2,0.028532453
C[C@@H]1CC(=CC[C@@H]2C[C@@H](C[C@@]3(O2)C/C(=N\OC)/[C@@H]([C@H](O3)/C(=C/C(C)C)/C)C)OC(=O)[C@@H]4C=C([C@H]([C@@H]5[C@]4(C(=CC=C1)CO5)O)O)C)C,0.49238837
CC1=CC=C(C=C1)C(=O)OC2=C(C=C(C=C2)C(CNC(C)(C)C)O)OC(=O)C3=CC=C(C=C3)C,0.015094475
CC(=O)OC1=CC=C(C=C1)C(C2=CC=C(C=C2)OC(=O)C)C3=CC=CC=N3,0.09251305
CN(C)CCOC(C1=CC=CC=C1)C2=CC=C(C=C2)Br,0.033649143
C1CCC(CC1)NC(=O)N(CCCl)N=O,0.020461984
CC(C1=NCCN1)OC2=C(C=CC=C2Cl)Cl,0.02646239
C1=CC=C(C=C1)OC2=CC=CC(=C2)CBr,0.8321623
C1=CC(=C(C=C1OC2=C(C=C(C=C2I)C[C@@H](C(=O)[O-])N)I)I)O,0.819536
CC1=NC=C(C(=N1)N)CN(C=O)/C(=C(\CCO)/SSCCC(CCCCC(=O)OC)SC(=O)C)/C,0.020742523
CC1=CC(=O)OC2=C1C=CC(=C2)O[C@H]3[C@@H]([C@H]([C@@H](CS3)O)O)O,0.0187535
CC(C)NC(=O)C1=CC=C(C=C1)C=O,0.020581244
CCCCOCCOC(=O)C1=CN=CC=C1,0.020578673
CC1=C2C(=C(C=C1)[N+](=O)[O-])[Hg]O2,0.42406958
COC1=CC(=CC(=C1OC)OC)CC#N,0.02029809
CC(=O)OC[C@@H]1[C@H]([C@H]([C@@H](O1)OC(=O)C)OC(=O)C)OC(=O)C,0.016868139
CCC(=O)O[C@@]1([C@H](C[C@@H]2[C@@]1(C[C@@H](C3([C@H]2CCC4=CC(=O)C=C[C@@]43C)F)O)C)C)C(=O)COC,0.019222865
CCC(C)(C#C)OC(=O)C1=CC=CC=C1C(=O)O,0.02327329
CCCCCOC1=CC=CC=C1/C(=C\SC)/N2C=CN=C2,0.70065224
CC1=CC(=C(C(=C1C(=O)OC)O)C)O,0.9309064
CCCOC1=CC2=C(C=C1)N=C(N2)NC(=O)OC,0.70890635
CC1=CC(=C(N1)C=C2C3=CC=CC=C3NC2=O)C,0.49347702
C1=CC=C2C=C(C=CC2=C1)NC3=CC=C(C=C3)NC4=CC5=CC=CC=C5C=C4,0.31029674
CCN(CC)CCOC1=CC2=C(C=C1)C3=C(C2=O)C=C(C=C3)OCCN(CC)CC,0.024558324
C(CN)C(O)(P(=O)(O)O)P(=O)(O)O,0.017681679
CC(=O)C(Cl)(Cl)Cl,0.028794367
C1=CC(=CC=C1C(C2=CC=C(C=C2)O)C(Cl)(Cl)Cl)O,0.9682928
C1=CC(=CC=C1NC2=NC(=NC(=N2)N(CCO)CCO)NC3=CC(=C(C=C3)/C=C/C4=C(C=C(C=C4)NC5=NC(=NC(=N5)NC6=CC=C(C=C6)S(=O)(=O)[O-])N(CCO)CCO)S(=O)(=O)[O-])S(=O)(=O)[O-])S(=O)(=O)[O-],0.045137223
CCCCCCCC[N+](C)(CCCCCCCC)CCCCCCCC.C(F)(F)(F)S(=O)(=O)[O-],0.02862771
CCCCCCCCCCN1C=C[N+](=C1)C.C(F)(F)(F)S(=O)(=O)[N-]S(=O)(=O)C(F)(F)F,0.81173885
C1[C@H]2[C@@H]([C@H](C1Cl)Cl)[C@@]3(C(=C(C2(C3(Cl)Cl)Cl)Cl)Cl)Cl,0.8167486
[B-](F)(F)(F)F.CCCCCCCCCCCCN1C=C[N+](=C1)C,0.7427911
CC1=NC=C(C(=C1O)C=O)COP(=O)(O)O,0.018246038
CCN1C2=CC=CC=C2SC1=CC=CC3=[N+](C4=CC=CC=C4S3)CC,0.23593214
COC1=CC(=CC(=C1OC)OC)C(=O)OCCCN2CCCN(CC2)CCCOC(=O)C3=CC(=C(C(=C3)OC)OC)OC,0.11563647
C(=C(Cl)Cl)(Cl)Cl,0.024003424
CC(C)[C@H](C(=O)OC(C#N)C1=CC(=CC=C1)OC2=CC=CC=C2)NC3=C(C=C(C=C3)C(F)(F)F)Cl,0.023999073
C1=CC=C(C=C1)C(C2=CC=CC=C2)(C3=CC=CC=C3Cl)N4C=CN=C4,0.8028928
C=CCN1CC[C@]23CCCC[C@H]2[C@H]1CC4=C3C=C(C=C4)O,0.026424808
CCCCCCCCCCCC[N+](C)(C)CCCCCCCCCCCC,0.16547233
C1=CC(=C(C=C1[C@@H]([C@@H](C(=O)O)N)O)O)O,0.022699477
CCCCCCCCCCN1C=C[N+](=C1C)CCCCCCCCCC,0.85839707
CC1=NN=C(C(=O)N1N)C2=CC=CC=C2,0.22349644
CNC1=CC=C(C=C1)O.CNC1=CC=C(C=C1)O,0.46929768
CCN(CCCC(C)NC1=C2C=CC(=CC2=NC=C1)Cl)CCO,0.024638295
CCCCCN=C(N)NNC=C1C=NC2=C1C=C(C=C2)OC,0.03160066
CCN[C@@H]1C[C@@H]([C@H]([C@@H]([C@H]1O[C@@H]2[C@@H]([C@H]([C@@](CO2)(C)O)NC)O)O)OC3C(CC=C(O3)CN)N)N.CCN[C@@H]1C[C@@H]([C@H]([C@@H]([C@H]1O[C@@H]2[C@@H]([C@H]([C@@](CO2)(C)O)NC)O)O)OC3C(CC=C(O3)CN)N)N,0.019230539
CCCCCCCC[Sn](CCCCCCCC)(Cl)Cl,0.6683541
CN1CCC2=CC3=C(C4=C2[C@@H]1CC5=CC=C(C=C5)OC6=C(C=CC(=C6)C[C@@H]7C8=CC(=C(C=C8CCN7C)OC)O4)OC)OCO3,0.022090292
CC1=CC(=CC=C1)OC(=O)C,0.020027544
CCO[C@H]1[C@@H]([C@H]([C@H](O1)C(COCC2=CC=CC=C2)OCC3=CC=CC=C3)OCC4=CC=CC=C4)O,0.01984312
CC1=C(C(=C(C2=C1COC2=O)O)C/C=C(\C)/CCC(=O)O)OC,0.03434979
C1C=CCC2C1C(=O)N(C2=O)SC(C(Cl)Cl)(Cl)Cl,0.960005
C1CC2=C(C=C3C=CC4=C5C3=C2C=CC5=CC=C4)C(=O)C1,0.9841373
C[C@@H]1CC=CC=C[C@@H]([C@@H](C[C@@H]([C@@H]([C@H]([C@@H](CC(=O)O1)O)OC)O[C@H]2[C@@H]([C@H]([C@@H]([C@H](O2)C)O[C@H]3C[C@@]([C@H]([C@@H](O3)C)OC(=O)CC(C)C)(C)O)N(C)C)O)CC=O)C)O,0.9009722
C(C#N)C(=O)NN,0.025275461
CC(CN1C2=CC=CC=C2SC3=CC=CC=C31)N(C)C,0.03056179
C1=CC(=CC2=NC3=C(C=CC(=C3)N)C=C21)N,0.9889275
COC(=O)NC1=NC2=C(N1)C=C(C=C2)C(=O)C3=CC=CS3,0.81752115
CC(C)CC(C)N(C1=CC=CC=C1)C2=CC=C(C=C2)N,0.61030406
COC(=O)N(C1=CC=CC=C1COC2=NN(C=C2)C3=CC=C(C=C3)Cl)OC,0.56369334
CO/C=C(\C1=CC=CC=C1COC2=CC=CC(=N2)C(F)(F)F)/C(=O)OC,0.22904082
CCCSP(=S)(OCC)OC1=C(C=C(C=C1)Cl)Cl,0.8083473
C1=CC=C2C(=C1)C(=O)C3=C(C2=O)SC(=C(S3)C#N)C#N,0.22771804
C1=CC=C2C3=C4C(=CC=C3)C5=CC=CC=C5C4=CC2=C1,0.8915648
C1=CC=C2C=C3C4=CC=CC5=C4C(=CC=C5)C3=CC2=C1,0.37620777
CCCC[P+](C)(CCCC)CCCC.COS(=O)(=O)[O-],0.023140348
CCCCCCCCN1C=C[N+](=C1)C,0.6896625
CC1=C2C=CC(=C2C=C(C=C1)C(C)C)C,0.026444595
CC1=C2C=CC3=CC=CC=C3C2=C(C4=CC=CC=C14)C,0.96828204
C1CN(CCN1)C2=NC3=CC=CC=C3C=C2,0.032275744
C1=CC2=C(C=C1OC(F)(F)F)SC(=N2)N,0.893545
C1CC1C(C2CC2)NC3=NCCO3,0.022844011
CCC(/C=C\Cl)(C#C)O,0.020494727
C1=CC(=CN=C1)CC2=CC3=C(C=C2)OC(=C3)C(=O)[O-],0.84654737
CC1=CC(=C(C=C1)Cl)O,0.02068789
C1=CC=C2C(=C1)C(=O)C3=CC=CC=C3N2CC(=O)O,0.8918165
C[C@]12CC[C@H]3[C@H]([C@@H]1CC[C@]2(C)O)CC[C@@H]4[C@@]3(CC5=NON=C5C4)C,0.24841627
C[C@]1(CO[C@@H]([C@@H]([C@H]1NC)O)O[C@H]2[C@@H](C[C@@H]([C@H]([C@H]2O)O[C@@H]3[C@@H](CC=C(O3)CN)N)N)N)O,0.021215279
CCC(C)C(C(=O)O)N,0.020879103
CN1CCC(=C2C3=CC=CC=C3SC4=CC=CC=C42)CC1,0.031446572
CC[C@@H]1[C@@]([C@@H]([C@H](C(=O)[C@@H](C[C@@]([C@@H]([C@H]([C@@H]([C@H](C(=O)O1)C)O[C@H]2C[C@@]([C@H]([C@@H](O2)C)O)(C)OC)C)O[C@H]3[C@@H]([C@H](C[C@H](O3)C)N(C)C)OC(=O)CC)(C)O)C)C)O)(C)O,0.017644158
CC1=CC(=O)C2=CC=CC=C2C1=O,0.1984205
C1=CC(=C(C=C1N)S(=O)(=O)O)C=CC2=C(C=C(C=C2)N)S(=O)(=O)O,0.021008361
CCCC[Sn](CCCC)(CCCC)O[Sn](CCCC)(CCCC)CCCC,0.84933925
CC1=CC(=C(C=C1C(C)(C)C)C(C)(C)C)O,0.028008351
C1CC2=C(C=CC=C2O)C(=O)C1,0.02052392
CCN1CCCC1CN,0.026049549
CC(=O)O[C@@H]1CC2C3CCC4=C(C3CCC2([C@H]1OC(=O)C)C)C=CC(=C4)OC(=O)C5=CC=CC=C5,0.025968596
C1=CC2=C(C=CN2)C(=C1)O,0.021101888
C1=CC=C(C(=C1)C(=O)OCC(CO)O)NC2=C3C=CC=C(C3=NC=C2)C(F)(F)F,0.02257907
COC1=C(C=C2C(=C1)C(=NC(=N2)Cl)N)OC,0.024507772
C1=CC=C(C=C1)CCNC2=CC=CC=C2C(=O)O,0.024109181
CC(=O)C1=CC2=CC=CC=C2S1,0.023622068
C1=CC(=CC=C1S(=O)(=O)NC(=O)N)Cl,0.01913654
C(C#N)Cl,0.8165238
C1=CC=C2C(=C1)C(=O)OC23C4=CC(=C(C(=C4OC5=C(C(=C(C=C35)Br)O)Br)Br)O)Br,0.019577552
CC1=CC(=C(C(=C1)C)C(=O)P(=O)(C2=CC=CC=C2)C(=O)C3=C(C=C(C=C3C)C)C)C,0.016223323
CC1=C(C=CC(=C1)C(C)(C)C2=CC(=C(C=C2)O)C)O,0.96579117
C1CC2C(C1)C3CC2CC3(C4=CC=C(C=C4)O)C5=CC=C(C=C5)O,0.8685022
CC/C(=C(\C1=CC=C(C=C1)O)/C2=CC=C(C=C2)OCCN(C)C)/C3=CC=CC=C3,0.49042192
CCOC(=O)/C=C(\C)/C=C/C=C(\C)/C=C/C1=C(C(=C(C=C1C)OC)C)C,0.5944331
CC(C)(C)C1=CC(=C(C=C1)O)C(C)(C)C,0.027992485
CC(=CC(=O)OC)N,0.022278482
C1[C@H](NCS1)C(=O)O,0.02128233
CC(C)CCCC(C)N,0.022991998
C1=CC=NC(=C1)CO,0.10142549
CN1C=CC2=CC3=C(CCN3C(=O)NC4=CN=CC=C4)C=C21,0.8479881
CCC(=O)O[C@@]1([C@H](C[C@@H]2[C@@]1(C[C@@H]([C@]3([C@H]2C[C@@H](C4=CC(=O)C=C[C@@]43C)F)F)O)C)C)C(=O)CCl,0.4964283
C1=CC=C(C=C1)C2(C(=O)N(C(=O)N2)COP(=O)(O)O)C3=CC=CC=C3,0.021017574
CCC1CCC(C1)CCC(=O)O,0.8014519
C1CCN(CC1)CCOC2=CC=C(C=C2)C(=O)C3=C(SC4=C3C=CC(=C4)O)C5=CC=C(C=C5)O,0.90612316
CCCCCCCCCCCCCCCCCCN(C)C,0.019535111
C1=CC(=CC=C1C[C@@H](C(=O)O)N)O,0.022659767
C12(C(C(C(C(C1(F)F)(F)F)(F)F)(F)F)(C(C(C(C2(F)F)(F)F)(F)F)(F)F)F)F,0.016532425
CC(C)C1=CC2=C(C=C1)[C@]3(CCC[C@@]([C@@H]3CC2)(C)CN)C,0.0245214
CC(C)CCCC(C)CCCC(C)CCCCC(C)CCCC(C)CCCC(C)C,0.022997906
CN1CCN(CC1)C2=NN=C3C(=C2)N(C4=CC=CC=C4O3)C,0.02655268
C1=CC(=CNNC(=O)C2=CC=NC=C2)C(=O)C=C1,0.56018186
CCOC1=CC2=C(C3=C(C=C(C=C3)N)N=C2C=C1)N.CC(C(=O)O)O,0.96348816
CC1=NC=CN1C2=CC=C(C=C2)SC3=CC=CC(=C3)C4(CCOCC4)C(=O)N,0.4549696
CCCCOP(=O)(O)OCCCC,0.80149615
CCCCCCNC(=O)N1C=C(C(=O)NC1=O)F,0.01894462
CC(C(=O)O)Cl,0.026979137
CC(CN1CCN(CCN(CCN(CC1)CC(=O)[O-])CC(=O)[O-])CC(=O)[O-])O.[Gd+3],0.024450976
CCC1=C[C@H]2C[C@@](C3=C(CN(C2)C1)C4=CC=CC=C4N3)(C5=C(C=C6C(=C5)[C@]78CCN9[C@H]7[C@@](C=CC9)([C@H]([C@@]([C@@H]8N6C)(C(=O)OC)O)OC(=O)C)CC)OC)C(=O)OC,0.023682728
C1=CC=C(C=C1)C(=O)OCC(COC(=O)C2=CC=CC=C2)(COC(=O)C3=CC=CC=C3)COC(=O)C4=CC=CC=C4,0.023137923
C1COCCN1SC2=NC3=CC=CC=C3S2,0.026454994
CC1(C(=C)[C@@]2(C([C@]1(C(C2(Cl)Cl)(Cl)Cl)Cl)Cl)Cl)C,0.81395644
CCCC(=O)O[C@@]1(CC[C@@H]2[C@@]1(C[C@@H]([C@H]3[C@H]2CCC4=CC(=O)CC[C@]34C)O)C)C(=O)CO,0.017076598
C1=CC=C(C=C1)C(=O)C2=CC=C(C=C2)O,0.9369934
C1=CC(=CC=C1C(=C(Cl)Cl)C2=CC=C(C=C2)O)O,0.96760255
CCCC1(CCC1)[C@@H](C/C=C/[C@H]2[C@@H](CC(=O)[C@@H]2CCCCCCC(=O)OC)O)O,0.031931393
C1=CC=C2C(=C1)C(=O)C(C2=O)C3=CC=C(C=C3)Br,0.02529265
C[C@H]1[C@@H]([C@H]([C@H]([C@@H](O1)O[C@H]2CC[C@@]3([C@H]4CC[C@@]5([C@H](CC[C@@]5([C@@H]4CCC3=C2)O)C6=COC(=O)C=C6)C)C)O)O)O,0.03437836
C1=CC(=CC=C1C(=O)OCC(CO)O)N,0.019552877
CC1=C(C(C(=C(N1)N)C(=O)OC2CN(C2)C(C3=CC=CC=C3)C4=CC=CC=C4)C5=CC(=CC=C5)[N+](=O)[O-])C(=O)OC(C)C,0.13989444
CC(=CCC1=C(C2=CC=CC=C2C(=O)C1=O)O)C,0.5774682
C1C2=CC=CC=C2C(=O)C3=CC=CC=C31,0.9361034
CCCCCCCCCCCCCCCCC(C(=O)O)C(CC(=O)O)(C(=O)O)O,0.014224264
C1CC(=CC2=CC=CS2)C(=O)C(=CC3=CC=CS3)C1,0.8483343
CCC1=NN(C2=C1C=CC(=C2)C3(CCC(CC3)C(=O)O)C#N)C4CCCCC4,0.4548883
CCCCCCCCCCCCCCCCN1C=C[N+](=C1)C,0.33982202
C=CC(=O)OCCCCO,0.08883771
CC(=O)C1=CC2=C(C=C1)SC3=CC=CC=C3N2CCCN4CCN(CC4)CCO,0.2730035
CC=C(Cl)Cl,0.028840408
CC(C)CC1=CC=C(C=C1)C(C)C(=O)OCC2=CC=CC=N2,0.029676015
CCOCCOC(=O)C=CC1=CC=C(C=C1)OC,0.023693977
CS(=O)(=O)CCNCC1=CC=C(O1)C2=CC3=C(C=C2)N=CN=C3NC4=CC(=C(C=C4)OCC5=CC(=CC=C5)F)Cl,0.7472897
COC1=CC=C(C=C1)C(C2=CC=C(C=C2)OC)C(Cl)(Cl)Cl,0.94280165
C1=C(OC(=C1)[N+](=O)[O-])C=NNC(=O)C(=O)N,0.12603894
CC(=O)N/N=C\C1=CC=C(O1)[N+](=O)[O-],0.098130696
CC(C)(CC1=CC=CC=C1Cl)N,0.018076511
C1COC2(N1CC(=O)NC3=C2C=C(C=C3)Cl)C4=CC=CC=C4Cl,0.027429668
C1=CC=C2C(=C1)C(=NN=C2NN)NN,0.02774781
CCN1CCN(C(=O)C1=O)C(=O)N[C@H](C2=CC=C(C=C2)O)C(=O)N[C@H]3[C@@H]4N(C3=O)C(=C(CS4)CSC5=NN=NN5C)C(=O)[O-],0.021047773
C1[C@@H]2[C@@H](C2N)CN1C3=C(C=C4C(=O)C(=CN(C4=N3)C5=C(C=C(C=C5)F)F)C(=O)O)F,0.775048
CC1=CCC[C@@]2([C@@H](O2)[C@@H]3[C@@H](CC1)C(=C)C(=O)O3)C,0.5328991
CCCN(CCC)C1=C(C=C(C(=C1[N+](=O)[O-])N)C(F)(F)F)[N+](=O)[O-],0.029856578
C[C@]12CCC(=O)C=C1CC[C@@H]3[C@@H]2[C@H](C[C@]4([C@H]3CC[C@@]4(C(=O)COC(=O)CCC(=O)[O-])O)C)O,0.018926114
CCC(C)(C)OC,0.8156423
C1=CC=C(C=C1)NC(=O)C2=C(C=CC(=C2)Cl)O,0.245055
C1[C@@H]2[C@H]3[C@@H]([C@H]1[C@H]4[C@@H]2O4)[C@]5(C(=C([C@@]3(C5(Cl)Cl)Cl)Cl)Cl)Cl,0.030315945
C1=CC(=CC=C1C(C2=CC=C(C=C2)Cl)(C(Cl)(Cl)Cl)O)Cl,0.032825183
CCC(C)(C(=O)CCl)NC(=O)C1=CC(=C(C(=C1)Cl)C)Cl,0.6724531
CCCC[Sn](CCCC)(CCCC)OC(=O)C1=CC=CC=C1,0.8440511
CCCCCCCCCC[N+](C)(CCCCCCCCCC)CCC[Si](OC)(OC)OC,0.023985181
C1=CC=C(C=C1)CC2=CC=C(C=C2)OC(=O)N,0.9378601
COC1=CC=C(C=C1)C(=O)/C(=C\C(=O)O)/Br,0.8512379
CCC(C)C1(C(=O)NC(=O)NC1=O)CC=C,0.025611851
C1=CC=C(C=C1)C2=NC3=CC=CC=C3C(=C2O)C(=O)O,0.025936129
COC1=CC=C(C=C1)[C@H]2[C@H](C(=O)NC3=CC=CC=C3S2)O,0.024904512
CC1(CCC2CC(CC1N2C)OC(=O)C(C3=CC=CS3)(C4=CC=CS4)O)C,0.027275674
CCC1=CC=CC2=C1NC=C2CCO,0.023103537
CCC(=O)C(CCN(C)C)(C1=CC=CC=C1)C2=CC=CC=C2,0.029733827
CC1=C(C(=NO1)C2=C(C=CC=C2Cl)Cl)C(=O)Cl,0.024371313
CCC(C1=CC=CC=C1)C(=O)OCCN2CCOC(C2C)C3=CC=CC=C3,0.026934048
CC(C)(C)C1=CC=C(C=C1)C(=O)CCCCl,0.024716754
CC=O,0.60853624
C1=CC(=C(C=C1NC(=O)C2=CC(=CC(=C2O)Cl)Cl)Cl)Cl,0.8568351
CCN1CCN(C(=O)C1=O)C(=O)N[C@H](C2=CC=CC=C2)C(=O)N[C@H]3[C@@H]4N(C3=O)[C@@H](C(S4)(C)C)C(=O)[O-],0.019848011
CC(=O)OC1=CC=C(C=C1)C2(C(=O)NC3=CC=CC=C3O2)C4=CC=C(C=C4)OC(=O)C,0.028049674
CC(C)(C1=CC=CC=C1)C2=CC(=C(C=C2)O)C(C)(C)C3=CC=CC=C3,0.036018454
CC[C@@]12CCCN3[C@@H]1C4=C(CC3)C5=CC=CC=C5N4C(=O)C2,0.6100805
C1=CC2=C(C(=C1)O)N=CC=C2,0.72551763
CC(C)(C)C(=O)C(N1C=NC=N1)OC2=CC=C(C=C2)Cl,0.52284545
COC1CCC=CO1,0.026388459
C[C@H]1[C@H]2CC[C@@H]3[C@@]2(CC[C@H]4[C@H]3CC=C5[C@@]4(CC[C@@H](C5)N(C)C)C)CN1C,0.022592766
CCCCCCCCCCCCN1CCCC1=O,0.11153799
CCOC(=O)N1CCC(=O)CC1,0.019037765
CN(C1CCCCC1)S(=O)(=O)C2=CC=CC=C2N,0.02514252
C1=CC(=N)C=CC1=C(C2=CC=C(C=C2)N)C3=CC=C(C=C3)N,0.85763997
CNCCC1=CC=CC=N1,0.022190513
CC1=CC(=O)N(C(=C1)C2CCCCC2)O.C(CO)N,0.51129824
CCCCC[C@@H](/C=C/[C@H]1[C@@H](C[C@@H]([C@@H]1C/C=C\CCCC(=O)O)O)O)O.COC(CO)(CO)N,0.0158596
C[C@@H]([C@@H](C1=CC(=CC=C1)O)O)N,0.026164912
C1=C(C=C(C(=C1Cl)Cl)Cl)O,0.56247884
CC(=O)[C@]1(CC[C@@H]2[C@@]1(C[C@@H]([C@]3([C@H]2CCC4=CC(=O)CC[C@@]43C)F)O)C)OC(=O)C,0.89926237
CC(=O)C1=CC2=C(CCCC2)C=C1,0.02365016
CCOC1=CC=CC=C1OCC2CNCCO2,0.024835924
COC1=CC2=C(C=C1)C=C(C=C2)C=O,0.025305394
CCN(CC)CC(=O)NC1=C(C=CC=C1C)C(=O)OC,0.022710057
C1COCC(=O)N1C2=CC=C(C=C2)N3CC(OC3=O)CNC(=O)C4=CC=C(S4)Cl,0.025524663
CC(=O)N(CC(=O)N(C)C)C1=CC=CC=C1,0.026859153
C1CC(C1)C(=O)O,0.020966012
CCNC(=O)[C@@H]1CCCN1C(=O)[C@H](CCCN=C(N)N)NC(=O)[C@H](CC(C)C)NC(=O)CNC(=O)[C@H](CC2=CC=C(C=C2)O)NC(=O)[C@H](CO)NC(=O)[C@H](CC3=CNC4=CC=CC=C43)NC(=O)[C@H](CC5=CN=CN5)NC(=O)[C@@H]6CCC(=O)N6,0.020405842
CC(CC1=CC=CC=C1)N(C)CC2=CC=CO2,0.026850292
CCCOC1=CC2=C(C=C1)[C@H]3CC[C@]4([C@H]([C@@H]3CC2)CCC4OC)C,0.02500853
C1=CC(=CC=C1C(=O)CCCCl)F,0.022427738
CC(C)(C)C1CCC(CC1)CC2=C(C3=CC=CC=C3C(=O)C2=O)O,0.13088141
CC(C(=O)N1C(CN(C1=O)C)C(=O)O)NC(CCC2=CC=CC=C2)C(=O)O,0.026135398
CC1=COC2=CC=CC=C2C1=O,0.021712694
C1CC1N2C=C(C(=O)C3=CC(=C(C=C32)Cl)F)C(=O)O,0.025476286
CC1=C(C(=O)N2CCSC2=N1)CCN3CCC(CC3)C(=O)C4=CC=C(C=C4)F,0.026700582
C1CCN(CC1)CCOC2=CC=C(C=C2)C(=O)O,0.023550993
COC(=O)C1=C(C=CC(=C1)Cl)NS(=O)(=O)C(F)(F)F,0.020606644
C1C(CC(=O)NC1=O)C2=CC=C(C=C2)Cl,0.026873782
CC1=C(C2=C(N1C(=O)C3=CC=C(C=C3)Cl)C=CC(=C2)OC)CC(=O)OC/C=C(\C)/CC/C=C(\C)/CCC=C(C)C,0.023024866
CCCCCCCCCCCC(=O)C,0.7996362
CC1=CC=CC=C1N=NC2=CC(=C(C=C2)N)C,0.89002013
C1=CC=C(C=C1)[P+](CCCCC(=O)O)(C2=CC=CC=C2)C3=CC=CC=C3,0.030234274
COCCCN1CCC(CC1)NC(=O)C2=CC(=C(C3=C2OCC3)N)Cl,0.02568819
CC1=C2CCC3=C2C(=CC4=C3C=CC5=CC=CC=C54)C=C1,0.5430937
C1C2=C(C=CC(=C2)Cl)NC1=O,0.089654654
CCC(=O)[O-].CCC(=O)[O-],0.02193739
CCOC(=O)O[C@H](C)OC(=O)C1=CC2=C(C=C1)N(C(=C2)C(=O)NC3CCN(CC3)C(C)C)CC4=NOC(=C4)C5=CC=C(S5)Cl,0.020204151
CCN(CC1=CN=CC=C1)C(=O)C2=C(C(=CC=C2)Cl)[C@]3(C4=C(C=CC(=C4)Cl)N(C3=O)CC5=C(C=C(C=C5)OC)OC)C,0.72019154
CC(COC)OC(=O)C,0.16858059
CC(C)CC1=CC=C(C=C1)CC(=O)O,0.01908756
CN1CCC(CC1)COC2=C(C=C3C(=C2)N=CN=C3NC4=C(C=C(C=C4)Br)F)OC,0.022974085
CCNC(=O)[C@@H]1CCCN1C(=O)[C@H](CCCN=C(N)N)NC(=O)[C@H](CC(C)C)NC(=O)[C@@H](CC2=CNC3=CC=CC=C32)NC(=O)[C@H](CC4=CC=C(C=C4)O)NC(=O)[C@H](CO)NC(=O)[C@H](CC5=CNC6=CC=CC=C65)NC(=O)[C@H](CC7=CN=CN7)NC(=O)[C@@H]8CCC(=O)N8,0.019938836
C1CC2=C(C[C@@H]1NS(=O)(=O)C3=CC=C(C=C3)F)C4=CC=CC=C4N2CCC(=O)O,0.02063569
CC1=CN=C(C(=C1OC)C)CS(=O)C2=NC3=C(N2)C=CC(=N3)OC,0.23280571
C/C=C/C(=O)OC1=C(C=C(C=C1CCCCCC(C)C)[N+](=O)[O-])[N+](=O)[O-],0.03285067
COC(=O)NC1=NC2=C(N1)C=C(C=C2)C(=O)C3=CC=CC=C3,0.82021856
CNC(=O)C1=CC=CC=C1SC2=CC3=C(C=C2)C(=NN3)/C=C/C4=CC=CC=N4,0.17590007
CN1CCN(CC1)CCCOC2=C(C=C3C(=C2)N=CC(=C3NC4=CC(=C(C=C4Cl)Cl)OC)C#N)OC.CO,0.06621615
C1OC2=C(O1)C=C(C=C2)O,0.17048441
C1=C(C(=CC(=C1O)O)O)CCN,0.019732092
CC(C1=CC=C(C=C1)N2CC3=CC=CC=C3C2=O)C(=O)O,0.9277815
CCCCCCCC/C=C\CCCCCCCC(=O)OC,0.018930554
CC(=O)OCC(=O)[C@@]12[C@@H](C[C@@H]3[C@@]1(C[C@@H]([C@]4([C@H]3C[C@@H](C5=CC(=O)C=C[C@@]54C)F)F)O)C)OC(O2)(C)C,0.37303352
C1=NN=C[N-]1,0.17907175
C1=CC=C2C(=C1)C(=C3C=CC=CC3=C2Br)Br,0.85959905
CCOP(=S)(OCC)SCN1C(=O)C2=CC=CC=C2N=N1,0.15061967
C1=CC=C(C(=C1)S)Cl,0.022328246
CCS(=O)(=O)C1=CC(=C(C=C1)OC)C(=O)OC,0.021891193
C1=CC(=CC(=C1)Cl)CCl,0.021996964
CCOC(=O)CN1CCCC1=O,0.019287728
CC1=NC=C(C(=N1)N)CN(C=O)/C(=C\2/CCOC(=O)S2)/C,0.031426813
CCCC(CCC)(C(=O)OCC)C(=O)OCC,0.020734815
CC1=CN=C(N=C1)NS(=O)(=O)C2=CC=C(C=C2)N,0.03062495
CC(=C)C(=O)OCC(CO)O,0.01975756
C(C(=O)[O-])SC#N,0.023679355
CCC(C1=CC=C(C=C1)N2CC3=CC=CC=C3C2=O)C(=O)O,0.024340678
CC(C)(C)C1=CC=C(C=C1)C(=O)CC(=O)C2=CC=C(C=C2)OC,0.024601327
CCN(CC)CC(=O)OCC(=O)[C@]1(CC[C@@H]2[C@@]1(C[C@@H]([C@H]3[C@H]2CCC4=CC(=O)CC[C@]34C)O)C)O,0.01926853
CCO[C@@H]1[C@@H]([C@@H]2CC[C@H]([C@H]3[C@]24[C@H](O1)OC(CC3)(OO4)C)C)C,0.017430142
C1=CC(=C(C=C1Br)F)CBr,0.02557772
C1=C(C(=O)NC(=O)N1[C@@H]2[C@H]([C@@H]([C@H](O2)CO)O)O)/C=C\Br,0.023453608
CC(=CCNC1=NC=NC2=C1N=CN2[C@H]3[C@@H]([C@@H]([C@H](O3)CO)O)O)C,0.14209689
CCCC(=O)O[C@@]1(CC[C@@H]2[C@@]1(C[C@@H]([C@H]3[C@H]2CCC4=CC(=O)CC[C@]34C)O)C)C(=O)CC,0.01748984
C/C(=C\C(=O)O)/C1=C(C=C(C=C1)OC)OC,0.023338404
CCOC(=O)C(C1=CC=CC=C1)O,0.020417657
CC(C)C(CC(C)N(C)C)(C#N)C1=CC=CC=C1,0.026239866
C(COCCOCCN(CC(=O)O)CC(=O)O)N(CC(=O)O)CC(=O)O,0.016726412
C=CCCl,0.818132
CCC1=CC(=C(C(=C1)C(C)(C)C)O)CC2=C(C(=CC(=C2)CC)C(C)(C)C)O,0.025778199
C1(=C(SSC1=O)Cl)Cl,0.62903893
C(C(C(=O)[O-])O)C(=O)[O-],0.022668773
C1=C(OC(=C1)[N+](=O)[O-])C=NO,0.10747038
C1=CC=C(C=C1)/C=C/C(=O)NCCO,0.02332204
CCCCCCCC/C=C\CCCCCCCC(=O)N(C)CC(=O)O,0.11026804
C1=CC=C2C(=C1)C=NN=C2NN,0.9032595
CC(=O)OCCN(CCOC(=O)C)C1=CC=C(C=C1)N=NC2=C(C=C(C=C2)[N+](=O)[O-])C#N,0.5551503
C1=CC=C(C=C1)CNC=C2C=CC=CC2=O,0.025900127
C1=CC=C2C(=C1)C=CC3=C2C=CC=N3,0.3187404
C1CCN(CC1)CC2=CC(=CC=C2)OCCCNC3=NC4=CC=CC=C4S3,0.025008291
CCCNCCC,0.031113308
C1CN(CCC1(C2=CC(=C(C=C2)Cl)C(F)(F)F)O)CCCC(C3=CC=C(C=C3)F)C4=CC=C(C=C4)F,0.024844553
CC(CC(C1=CC=CC=C1)(C2=CC=CC=C2)C(=O)N)N(C)C,0.02865225
C1CCC(CC1)C(=O)N2CC3C4=CC=CC=C4CCCN3C(=O)C2,0.02710746
CN1CC2=C(C=CC(=C2)C(=O)N3CCC(CC3)C4CCNCC4)N[C@H](C1=O)CC(=O)O,0.018242775
C1=CC(=C2NN=CO2)C(=O)C=C1,0.022751782
C1CN2CCC1CC2,0.026962519
CCN(CC)CCN,0.02694354
CCCCCCN1C(=O)C2=C(N=CN2C)N(C1=O)C,0.021047058
CC1(C(=O)N(C(=O)O1)NC2=CC=CC=C2)C3=CC=C(C=C3)OC4=CC=CC=C4,0.4546771
CCOC1C(C2=C(O1)C=CC(=C2)OS(=O)(=O)C)(C)C,0.11972571
CC(C)COC(=O)C1=CC=C(C=C1)N,0.8244852
CC1=CC(=C(C=C1Cl)S(=O)(=O)O)N,0.021000568
CCCCCCCC[Si](OCC)(OCC)OCC,0.02312124
C[C@]12CCC(=O)C=C1[C@H](C[C@@H]3[C@@H]2[C@H](C[C@]4([C@H]3C[C@@H]5[C@]4(OC(O5)(C)C)C(=O)CO)C)O)F,0.37424216
CC1=C(C=CC=C1N)C(F)(F)F,0.022347935
CCOC(=O)N1CCC(CC1)N2C3=C(C=C(C=C3)Cl)NC2=O,0.14850809
CCOC(=O)N1CCC(CC1)NC2=C(C=C(C=C2)Cl)N,0.1461059
CCCS(=O)C1=CC2=C(C=C1)N=C(N2)NC(=O)OC,0.022914909
C1=C(C=C(C(=C1NC(=O)C(=O)O)Cl)NC(=O)C(=O)O)C#N,0.021768799
CC(C)(C)C1=NN=C(S1)NS(=O)(=O)C2=CC=C(C=C2)N,0.02690972
C1CN(CCN1CCCCl)C2=CC(=CC=C2)Cl,0.13620006
C1=CC(=C2C(=C1NCCNCCO)C(=O)C3=C(C=CC(=C3C2=O)O)O)NCCNCCO,0.6903153
C([C@@H]1[C@@H]([C@@H]([C@H]([C@@H](O1)O[C@H]([C@@H](CO)O)[C@@H]([C@H](C(=O)O)O)O)O)O)O)O,0.017610831
CN1CCCN=C1/C=C/C2=CC=CS2,0.12525459
C1=C(C=C(C(=C1I)O)I)C#N,0.39085302
CC1=C(C(=C(C2=C1COC2=O)O)C/C=C(\C)/CCC(=O)OCCN3CCOCC3)OC,0.9234801
C1=CSC(=C1)C2=CC=C(S2)C3=CC=CS3,0.9929622
C1C2=CC=CC=C2C3=C1C=C(C=C3)N,0.89371955
C1=CNC(=S)N=C1,0.8122054
CC(C)(C)NCC(COC1=CC=CC=C1OCC2CCCO2)O,0.03081689
CCOC1=CC=CC(=C1)N2C=C(N=C2C3=CC=C(C=C3)C)C(=O)N4CCN(CC4)C5=CC6=CC=CC=C6C(=C5)C(=O)[O-],0.50303704
C[C@@H](CN1CC(=O)NC(=O)C1)N2CC(=O)NC(=O)C2,0.026749749
C1=CC(=CC=C1O)S(=O)(=O)O,0.021962278
CCCCN=C(N)N=C(N)N,0.11074256
C1=CC=C2C(=C1)NC(=N2)C3=CC=CO3,0.8327228
CCCCCCCCCCCCCC[P+](CCCCCC)(CCCCCC)CCCCCC,0.032924987
CCCCCCCCN1C=C[N+](=C1)C.C(F)(F)(F)S(=O)(=O)[O-],0.74860036
C1=CC2=C(C=C1Cl)SNC2=O,0.4025351
CC[N+]1(CCCC(C1)OC(=O)C(C2=CC=CC=C2)(C3=CC=CC=C3)O)C,0.023749491
C1CN(CCN1C(=O)CCBr)C(=O)CCBr,0.1168027
CC[N+]1=C2C=C(C=CC2=C3C=CC(=CC3=C1C4=CC=CC=C4)N)N,0.8881043
CN(C)CCCOC1(CCCCCC1)CC2=CC=CC=C2,0.026382718
CCCOCC(=NC1=C(C=C(C=C1)Cl)C(F)(F)F)N2C=CN=C2,0.45629388
CCCCCCCC/C=C\CCCCCCCCOCCO,0.2945569
C1=CC(=CC=C1CC2=CC=C(C=C2)N3C(=O)C=CC3=O)N4C(=O)C=CC4=O,0.6645497
C1CCS(=O)(=O)N(C1)C2=CC=C(C=C2)S(=O)(=O)N,0.023186715
CC1=C(ON=C1C)N(C(=O)C)S(=O)(=O)C2=CC=C(C=C2)N,0.02385489
CC1=CC(=C(C=C1)O)OC,0.017915154
C1=CC2=NNN=C2C=C1Cl,0.025013033
CC1(CCC(C2=C1C=CC(=C2)NC(=O)C3=CC=C(C=C3)C(=O)O)(C)C)C,0.7017712
CC(=O)NCCC1=CC=CC2=C1C=C(C=C2)OC,0.027166527
CC(C)N=C=NC(C)C,0.023977632
CC1=CC(=C(C=C1OC)C[C@@H](C)N)OC,0.021391785
C[C@H]1C[C@@H](C2=C(S1(=O)=O)SC=C2)O,0.023873419
CC(COC(=O)C=C)O,0.17304748
CCOC(=O)C1=C(NC(=C(C1C2=CC=CC=C2Cl)C(=O)OC)C)COCCN.C1=CC=C(C=C1)S(=O)(=O)O,0.7894514
C[C@@H](C(=O)N[C@@H](C)C(=O)NC1([C@H]2[C@@H]1CN(C2)C3=C(C=C4C(=O)C(=CN(C4=N3)C5=C(C=C(C=C5)F)F)C(=O)O)F)C)N,0.14459865
C[C@@H]1CCC[C@@H](N1CC2=CC=C(C=C2)C[C@H](C(=O)N(C)C(C)C)NC(=O)C[C@H](C3=CC4=C(C=C3)OCO4)NS(=O)(=O)C5=CC6=C(C=C5)C=C(C=C6)OC)C,0.032989573
C(CO)CSC[C@@H](C(=O)O)N,0.02266977
CCCC(=O)OCOC(=O)C1=C(NC(=C(C1C2=C(C(=CC=C2)Cl)Cl)C(=O)OC)C)C,0.018239735
CC1=C(C(=NO1)C2=CC=CC=C2)C(=O)Cl,0.025106095
COC1=CC(=NC(=N1)O[C@H](C(=O)O)C(C2=CC=CC=C2)(C3=CC=CC=C3)OC)OC,0.019058984
CC(CC1=CC=CC=C1)NCCCCl,0.022543613
CC(=O)N[C@H](COC)C(=O)NCC1=CC=CC=C1,0.026832206
CC(=O)NC1=C(C(=C(C(=C1I)C(=O)[O-])I)C(=O)NC)I,0.020352956
C1CCN(CC1)C2=NC(=NC3=C2N=C(N=C3N4CCCCC4)N(CCO)CCO)N(CCO)CCO,0.035140805
CC1=C(C=CC(=C1)F)C2=CC(=NC=C2N(C)C(=O)C(C)(C)C3=CC(=CC(=C3)C(F)(F)F)C(F)(F)F)N4CC[C@H]([C@H]4CO)O,0.12277983
C1CN(CCC1C=C(C2=CC=CC=C2)C3=CC=CC=C3)C(=O)CCCCCCCCC4=CN=CC=C4,0.560671
C[C@@H]1CC[C@H]2C[C@@H](C(=CC=CC=C[C@H](C[C@H](C(=O)[C@@H]([C@@H](C(=C[C@H](C(=O)C[C@H](OC(=O)[C@@H]3CCCCN3C(=O)C(=O)[C@@]1(O2)O)[C@H](C)C[C@@H]4CC[C@H]([C@@H](C4)OC)OCCO)C)C)O)OC)C)C)C)OC,0.73918015
C1[C@@H]([C@H]([C@@H]([C@H]([C@@H]1N)O[C@@H]2[C@@H]([C@H]([C@@H]([C@H](O2)CO)O)N)O)O)O[C@@H]3[C@@H]([C@H]([C@@H]([C@H](O3)CN)O)O)N)N,0.01996909
COC1=CC(=CC(=C1O)OC)[C@H]2[C@@H]3[C@H](COC3=O)[C@@H](C4=CC5=C(C=C24)OCO5)O,0.8255443
CCCCCCCC[N+](C)(CCCCCCCC)CCCCCCCC.C(F)(F)(F)S(=O)(=O)[N-]S(=O)(=O)C(F)(F)F,0.017084485
CCCCC1=CC2=C(C=C1)N=C(N2)NC(=O)OC,0.97630626
C1=CC(=C(C(=C1CNNC(=O)C(CO)N)O)O)O,0.023005819
CCN1C=CC(=NC1=O)NS(=O)(=O)C2=CC=C(C=C2)N,0.02992311
CCCOC(=O)C1=CN=CN1C(C)C2=CC=CC=C2,0.031934828
C1C2=C(C=CC(=C2)N)N=C3N1C(=O)C4=CC=CC=C43,0.02450872
COC1=C(C(=CC(=C1)S(=O)(=O)N)C(=O)O)OC,0.020700075
CC(=O)N1CCN(CC1)C2=CC=C(C=C2)O,0.13327827
CCC1=CC=C(C=C1)C2CCNCC2,0.026149588
COC1=CC=CC=C1N2CCN(CC2)CC(COC3=CC(=C(C(=C3)OC)OC)OC)O,0.023607448
CCN(CC)C1=CC=C(C=C1)C(=C2C=CC(=[N+](CC)CC)C=C2)C3=C(C=CC(=C3)S(=O)(=O)[O-])S(=O)(=O)[O-],0.021167407
CN1CCN(CC1)N,0.025903057
C1=C(C(=NC(=O)N1[C@H]2[C@H]([C@@H]([C@H](O2)CO)O)F)N)I,0.024741206
CCC/C=C/C=C/C(=O)O[C@H]1/C(=C/C(=O)OC)/C[C@H]2C[C@@H](OC(=O)C[C@@H](C[C@@H]3C[C@@H](C([C@@](O3)(C[C@@H]4C/C(=C/C(=O)OC)/C[C@@H](O4)C=CC([C@@]1(O2)O)(C)C)O)(C)C)OC(=O)C)O)[C@@H](C)O,0.037615046
C1CC(C1)(C2=CC=C(C=C2)C3=C(C=C4C(=N3)C=CN5C4=NNC5=O)C6=CC=CC=C6)N,0.028867438
CC(C)OC1=CC=C(C=C1)NC(=O)N2CCN(CC2)C3=NC=NC4=CC(=C(C=C43)OC)OCCCN5CCCCC5,0.24567819
C[C@H](C(=O)O)N,0.023136716
C1CCNCC1,0.029729418
COC1=C(C=C(C=C1)Cl)C(=O)OC,0.020297317
C1=CC(=C[N+](=C1)[O-])C(=O)O,0.02495997
CC(C)NCC(C1=CC(=CC(=C1)O)O)O.CC(C)NCC(C1=CC(=CC(=C1)O)O)O,0.016986871
CCC(=O)O[C@@H]1C[C@H]2[C@@H]3CCC4=C([C@H]3CC[C@@]2([C@H]1OC(=O)CC)C)C=CC(=C4)OC(=O)CC,0.017834775
C[C@@H]1C[C@H]2[C@@H]3CCC4=CC(=O)C=C[C@@]4([C@]3([C@H](C[C@@]2([C@]1(C(=O)COC(=O)C5=CC=NC=C5)O)C)O)F)C,0.022395898
CC1=C(N2[C@@H]([C@@H](C2=O)N)SC1)C(=O)O,0.026412396
CC(=O)/C=C/C=C\1/C2CCC(C2)C1(C)C,0.031038746
CC1(C2=C(C=CC(=C2)Br)NC(=O)O1)C,0.021213947
C1=NN=NN1CC(=O)O,0.02069094
C1CCC(CC1)N2CC3=CC(=C(C=C3C2=O)S(=O)(=O)N)Cl,0.025420768
C1=CC(=C(C(=C1C=O)O)O)O,0.6192499
CCCCCCOC(=O)N=C(C1=CC=C(C=C1)NCC2=NC3=C(N2C)C=CC(=C3)C(=O)N(CCC(=O)OCC)C4=CC=CC=N4)N,0.016349588
CC1=NC=C(C=C1)CCN2C3=C(CN(CC3)C)C4=C2C=CC(=C4)Cl,0.0334332
CC1=C(C(=CC=C1)C)NC(=O)C2=CC=C(C=C2)N,0.024487946
CC(CC1C2=CC=CC=C2CCC3=CC=CC=C13)CN(C)C,0.028056208
CCNC(=O)N(CCCN(C)C)C(=O)[C@@H]1C[C@H]2[C@@H](CC3=CNC4=CC=CC2=C34)N(C1)CC=C,0.021278616
CC(=O)OC(C1=CC=C(O1)[N+](=O)[O-])OC(=O)C,0.9033742
C[C@@H]1C[C@H]2[C@@H]3CCC4=CC(=O)C=C[C@@]4([C@H]3[C@H](C[C@@]2([C@@]1(C)C(=O)OC)C)O)C,0.39178532
C[C@@H]1[C@H]([C@H](C[C@@H](O1)O[C@H]2CC[C@]3([C@@H](C2)CC[C@@H]4[C@@H]3C[C@H]([C@]5([C@@]4(CC[C@@H]5C6=CC(=O)OC6)O)C)O)C)O)O[C@H]7C[C@@H]([C@@H]([C@H](O7)C)O[C@H]8C[C@@H]([C@@H]([C@H](O8)C)O[C@H]9[C@@H]([C@H]([C@@H]([C@H](O9)CO)O)O)O)OC(=O)C)O,0.11439647
CCOC1=NC2=CC=CC(=C2N1CC3=CC=C(C=C3)C4=CC=CC=C4C5=NNN=N5)C(=O)OC(C)OC(=O)OC6CCCCC6,0.02973178
CCCCCCCCCCCCCCN1C=C[N+](=C1)C.C(F)(F)(F)S(=O)(=O)[N-]S(=O)(=O)C(F)(F)F,0.4141801
CCCCCCCCCCCCCCCCN1C=C[N+](=C1)C.C(F)(F)(F)S(=O)(=O)[N-]S(=O)(=O)C(F)(F)F,0.42509505
CCCCCCCCCI,0.025680155
CCCCCCCCCCCCCCCCCC[N+](C)(C)C,0.023129875
C/C(=C\C(=O)OC)/OP(=O)(OC)OC,0.30964288
CC(C)(C)C(=O)OCOP(=O)(COCCN1C=NC2=C1N=CN=C2N)OCOC(=O)C(C)(C)C,0.12443052
CC(C)C1=C(C(=C(C(=N1)C(C)C)/C=C/[C@H](C[C@H](CC(=O)[O-])O)O)C2=CC=C(C=C2)F)COC,0.9382313
CN(C[C@@H](CC[N+]12CCC(CC1)(CC2)C3CCCCC3)C4=CC(=C(C=C4)Cl)Cl)C(=O)C5=CC(=CC(=C5)C(F)(F)F)C(F)(F)F,0.021748014
CC(=CCC/C(=C/CC/C(=C/C(=O)OCC(=O)[C@]1(CC[C@@H]2[C@@]1(C[C@@H]([C@H]3[C@H]2CCC4=CC(=O)C=C[C@]34C)O)C)O)/C)/C)C,0.020411978
CC(C)C[C@@H]1[C@@H](OC(=O)N1CCCN2CCCCCC2)C3=CC=CC=C3,0.031420536
CN(C)[C@@H](CCOC1=CC=CC2=CC=CC=C21)C3=CC=CC=C3,0.029262675
CCCCN(CCN(CCCC)C(=O)N1CCOCC1)C(=O)N2CCOCC2,0.027237317
CC1N2C3=CC(=C(C=C3C(=O)C(=C2S1)C(=O)O)F)N4CCNCC4,0.027071847
CCC(=C(C1=CC=CC=C1)C2=CC=CC=C2)CN,0.026541358
CC1=CC=C(C=C1)C2=CC=CC=C2C#N,0.031744227
COCCC1=CC=CC=N1,0.022247262
CC(=O)N[C@@H](CO)C(=O)N[C@@H](CC(=O)O)C(=O)N[C@@H](CCCCN)C(=O)N1CCC[C@H]1C(=O)O,0.0156190265
CS(=O)(=O)C1=CC=C(C=C1)C2=CN3C=CC=CC3=N2,0.028715128
CCC(C)C1C(=O)NC(C(=O)NC(=C)C(=O)NC(C(=O)NC23CCC(=NC2C4=CSC(=N4)C(C(OC(=O)C5=NC6=C(C=CC(C6O)N1)C(=C5)C(C)O)C)NC(=O)C7=CSC(=N7)C(NC(=O)C8CSC(=N8)/C(=C\C)/NC(=O)C(NC(=O)C9=CSC3=N9)C(C)O)C(C)(C(C)O)O)C1=NC(=CS1)C(=O)NC(=C)C(=O)NC(=C)C(=O)N)C)C,0.8692243
C1CN(CC2=CC=CC=C21)C(=N)N.C1CN(CC2=CC=CC=C21)C(=N)N,0.0275373
C(C(C(=O)O)N)SCC(=O)O,0.018285729
CC(C)C1=CC2=C(C=C1)OC3=NC(=C(C=C3C2=O)C(=O)O)N,0.65747964
C1CN(CCN1)C2=NC3=CC=CC=C3OC4=C2C=C(C=C4)Cl,0.4595868
CCOC(=O)O[C@@]1(CC[C@@H]2[C@@]1(C[C@@H]([C@H]3[C@H]2CCC4=CC(=O)C=C[C@]34C)O)C)C(=O)OCCl,0.13134284
CCN(CC)C1=CC=C(C=C1)C(=C2C=CC(=[N+](CC)CC)C=C2)C3=CC=CC=C3,0.75271744
C[C@@]1([C@H]2C[C@H]3[C@@H](C(=O)C(=C([C@]3(C(=O)C2=C(C4=C1C=CC=C4O)O)O)O)C(=O)N)N(C)C)O,0.014793454
[N+](=O)(O)[O-].[N+](=O)(O)[O-].[Cd],0.87855697
C[C@@H]([C@@H](C1=CC(=C(C=C1)O)O)O)N,0.024357324
CC(C)C1=NC=C(N1C)[N+](=O)[O-],0.02406032
C[N+](C)(C)CCCl,0.022902401
CCCCCCCCCCCCOC(=O)C1=CC(=C(C(=C1)O)O)O,0.057153758
C[C@H](CS)C(=O)N1CCC[C@H]1C(=O)O,0.024446113
CC1=CC=CC=C1OCC(CO)O,0.79953265
C(C[C@@H](C(=O)O)N)CN=C(N)N,0.02347128
C1=CC(=CC(=C1)Cl)NN=C(C#N)C#N,0.81972355
CCCC[Sn](CCCC)(CCCC)Cl,0.511736
CC1=CC(=CC(=C1OCCCC2=CC(=NO2)C)C)C3=NOC(=N3)C(F)(F)F,0.025402447
CC(C(=O)C1=CC=CC=C1)N(C)C,0.021470968
CC1CCCCN1CCCOC(=O)C2=CC=C(C=C2)OC3CCCCC3,0.026428254
CC1=C(N=C(O1)C2=CC=CC=C2)CCC(=O)C3=CC=C(C=C3)CC4C(=O)NC(=O)S4,0.13026227
CC1=CC=CC=C1C(=O)NC2=CC=C(C=C2)C(=O)N3CCCC(C4=CC=CC=C43)N(C)C,0.019676363
CC(C)(C(=O)OCCCOC(=O)C(C)(C)OC1=CC=C(C=C1)Cl)OC2=CC=C(C=C2)Cl,0.020471107
CC(C)C(=O)OCC1=CC(=CC=C1)OC(=O)[C@H]2C(S[C@H]3N2C(=O)[C@H]3NC(=O)CC4=CC=CC=C4)(C)C,0.023408473
C1CSC2=N[C@H](CN21)C3=CC=CC=C3,0.83370143
C(CC(O)(P(=O)(O)O)P(=O)(O)[O-])CN,0.022340138
CC1=C(N=C(N=C1N)[C@H](CC(=O)N)NC[C@@H](C(=O)N)N)C(=O)N[C@@H]([C@H](C2=CN=CN2)O[C@H]3[C@H]([C@H]([C@@H]([C@@H](O3)CO)O)O)O[C@@H]4[C@H]([C@H]([C@@H]([C@H](O4)CO)O)OC(=O)N)O)C(=O)N[C@H](C)[C@H]([C@H](C)C(=O)N[C@@H]([C@@H](C)O)C(=O)NCCC5=NC(=CS5)C6=NC(=CS6)C(=O)NCCCCN=C(N)N)O,0.49721456
CCOC(=O)[C@H](CCC1=CC=CC=C1)N[C@H]2CCC3=CC=CC=C3N(C2=O)CC(=O)O,0.5449672
CCOC(=O)C1=CC=CC=C1C(=C2C=C(C(=O)C(=C2)Br)Br)C3=CC(=C(C(=C3)Br)O)Br,0.4525354
CC[C@@]1(C[C@@H]2C[C@@](C3=C(CCN(C2)C1)C4=CC=CC=C4N3)(C5=C(C=C6C(=C5)[C@]78CCN9[C@H]7[C@@](C=CC9)([C@H]([C@@]([C@@H]8N6C=O)(C(=O)OC)O)OC(=O)C)CC)OC)C(=O)OC)O,0.67170346
CC1=NC=C(C(=N1)N)CN(C=O)C(=C(CCOP(=O)(O)O)SC(=O)C2=CC=CC=C2)C,0.01750052
C1(C(=C(C(=O)O1)Cl)C(Cl)Cl)O,0.86619085
C1=CC=C2C(=C1)C3=C4C2=CC=CC4=C(C=C3)N,0.80951536
[B-](F)(F)(F)F.CCCCCCCCCCCCCCCCN1C=C[N+](=C1)C,0.744287
C1=CC(=C(C=C1Cl)O)OC2=C(C=C(C=C2)Cl)Cl,0.861583
C1CCC(CC1)C(CC2CCCCN2)C3CCCCC3,0.0329702
C[C@@H]1[C@H]([C@@H](C[C@@H](O1)O[C@H]2[C@@H](CC3=C(C2=O)C(=C4C(=C3)C=C(C(=C4O)C)O[C@H]5C[C@H]([C@H]([C@H](O5)C)OC(=O)O)O[C@@H]6C[C@H]([C@H]([C@H](O6)C)OC)O)O)[C@@H](C(=O)[C@H]([C@@H](C)O)O)OC)O[C@H]7C[C@H]([C@@H]([C@H](O7)C)O)O[C@H]8C[C@]([C@H]([C@@H](O8)C)OC(=O)C)(C)O)O,0.8126459
COP(=O)(OC)OC(=CCl)C1=CC(=C(C=C1Cl)Cl)Cl,0.44552934
CCCCCN(CCCCC)C(=O)C(CCC(=O)[O-])NC(=O)C1=CC(=C(C=C1)Cl)Cl,0.55372506
C[C@]12CCC(=O)C=C1CC[C@@H]3[C@@]2([C@H](C[C@]4([C@H]3CC[C@]4(C)O)C)O)F,0.9494039
CC(C)[C@H]1C2=C(CC[C@@]1(CCN(C)CCCC3=NC4=CC=CC=C4N3)OC(=O)COC)C=C(C=C2)F,0.020031877
C1=CC=C(C=C1)COC(=O)CBr,0.020981645
CC(C)(C)C(=O)C1=CC=CC=C1,0.823302
CC1=NC=C(C(=C1O)CO)CSSCC2=CN=C(C(=C2CO)O)C,0.026113573
CC=CC1=CC(=C(C=C1)O)OC,0.019017054
CCC(C)C(C)(COC(=O)N)COC(=O)N,0.020380665
CCOC(=O)NCCOC1=CC=C(C=C1)OC2=CC=CC=C2,0.13999966
C1=CC(=C(C(=C1)F)C(=O)NC(=O)NC2=CC(=C(C=C2)OC(C(OC(F)(F)F)F)(F)F)Cl)F,0.016623996
CCC(C)NC1=CC=C(C=C1)NC(C)CC,0.62873745
CCCCC([C@]1(CC[C@H]2[C@H](O1)CC(=O)[C@@H]2CCCCCCC(=O)O)O)(F)F,0.020024672
C[C@]12C[C@@H]([C@]3([C@H]([C@@H]1C[C@@H]4[C@]2(OC(O4)(C)C)C(=O)COC(=O)CC(C)(C)C)CCC5=CC(=O)C=C[C@@]53C)F)O,0.020655328
CC1=C(C=CC2=C1C(=NC(=N2)N)N)CNC3=CC(=C(C(=C3)OC)OC)OC,0.12985726
C1CCN[C@H](C1)[C@H](C2=CC(=NC3=C2C=CC=C3C(F)(F)F)C(F)(F)F)O,0.85495645
CCCC1=NC=C(S1)C(=O)O,0.018120736
C1=C(C(=C(C(=C1I)NC(=O)CCOCCOCCOCCOCCC(=O)NC2=C(C=C(C(=C2I)C(=O)O)I)I)I)C(=O)O)I,0.015088905
C1=CC=C(C=C1)C2=CC=C(C=C2)C(C3=CC=CC=C3)N4C=CN=C4,0.827443
CCCCC(=O)O[C@@]1(CC[C@@H]2[C@@]1(C[C@@H]([C@H]3[C@H]2CCC4=CC(=O)CC[C@]34C)O)C)C(=O)CO,0.25143006
CCCCCCCCNC(C)C(C1=CC=C(C=C1)SC(C)C)O,0.50672007
CCCCCCCCCCCCN1C=C[N+](=C1)C.C(F)(F)(F)S(=O)(=O)[N-]S(=O)(=O)C(F)(F)F,0.4274613
CCCCCCCCCCN1C=C[N+](=C1)C.C(F)(F)(F)S(=O)(=O)[O-],0.7490018
CC1=CC(=C(N1C2=CC=C(C=C2)Cl)C)CC(=O)O,0.027236897
C1=CC(=CN=C1)CC(O)(P(=O)(O)[O-])P(=O)(O)[O-],0.017697057
C1=CC=C(C=C1)CNCCNCC2=CC=CC=C2,0.028885461
CN1CCC(CC1)NC2=NC=C3C(=N2)C(=NC=N3)NC4=CC(=C(C=C4)F)Cl,0.96462446
CC1([C@@H](N2[C@H](S1)[C@@H](C2=O)NC(=O)C(C3=CC=CC=C3)C(=O)[O-])C(=O)[O-])C,0.018884055
C1=C(C(=C(C(=C1Cl)Cl)[N+](=O)[O-])Cl)Cl,0.027576901
CCN(CC)C(=O)C1CN2CCC3=CC(=C(C=C3C2CC1OC(=O)C)OC)OC,0.022393445
CCCCCCCCCCCCN1C=C[N+](=C1)C.C(F)(F)(F)S(=O)(=O)[O-],0.73721856
CC1=C(SC=C1)/C=C/C2=NCCCN2C,0.032833755
CC[NH+]=C1C=CC(=C(C2=CC=C(C=C2)N(CC)CC)C3=CC=C(C=C3)N(CC)CC)C4=CC=CC=C14,0.8606424
CC[N+]1(CCCCC1)CCOC(=O)C(C2=CC=CC=C2)(C3=CC=CC=C3)O,0.94604856
C1CC2=CC=CC=C2NC3=CC=CC=C31,0.7976138
C[C@H]1CC[C@@H]2[C@H]([C@H]3[C@@H](N2C1)C[C@@H]4[C@@]3(CC[C@H]5[C@H]4CC=C6[C@@]5(CCC(C6)O[C@H]7[C@@H]([C@H]([C@H]([C@H](O7)CO)O)O[C@H]8[C@@H]([C@H]([C@@H]([C@H](O8)CO)O)O)O)O[C@@H]9[C@@H]([C@@H]([C@H]([C@@H](O9)C)O)O)O)C)C)C,0.023689685
C1=CC(=C(C=C1[N+](=O)[O-])[N+](=O)[O-])ONC=C2C=C(C(=O)C(=C2)Br)Br,0.691661
C1=C(C(=CNC1=O)Cl)O,0.021137763
C[C@H](C1=CC=CC2=CC=CC=C21)NCCCC3=CC(=CC=C3)C(F)(F)F,0.026452884
CC[C@@H]1[C@@]([C@@H]([C@H](C(=O)[C@@H](C[C@@]([C@@H]([C@H]([C@@H]([C@H](C(=O)O1)C)O[C@H]2C[C@@]([C@H]([C@@H](O2)C)O)(C)OC)C)O[C@H]3[C@@H]([C@H](C[C@H](O3)C)N(C)C)O)(C)O)C)C)O)(C)O,0.86745626
C1=CC=C(C=C1)C2=C(C=C(C=C2)O)Cl,0.96614933
CC1=CC[C@@H](CC1)[C@@](C)(CCC=C(C)C)O,0.02571683
C1=CC(=C(C=C1C=C(C#N)C#N)O)O,0.02918881
CCOC1=C(C=NN(C1=O)C)N2CCOCC2,0.030796587
CC(=O)OC[C@@H]1[C@H]([C@H]([C@@H](O1)N2C(=O)NC(=O)C=N2)OC(=O)C)OC(=O)C,0.016185436
C1=CC=C2C(=C1)C(=C(C(=O)O2)CC3=C(C4=CC=CC=C4OC3=O)O)O,0.12719671
C1=NC(=C(N1[C@H]2[C@@H]([C@@H]([C@H](O2)CO)O)O)O)C(=O)N,0.019598847
CN(C)C(=O)C1(CCN(CC1)CCC2(CN(CCO2)C(=O)C3=CC=CC=C3)C4=CC(=C(C=C4)Cl)Cl)N5CCCCC5,0.022153812
COC1=CC=C(C=C1)C=CC(=O)C2=C(C=C(C=C2)OC)OC,0.71723187
C1COCCN1CNC(=O)C2=NC=CN=C2,0.025899135
C[C@H]1[C@H]([C@H](C[C@@H](O1)O[C@H]2C[C@@](CC3=C(C4=C(C(=C23)O)C(=O)C5=C(C4=O)C=CC=C5OC)O)(C(=O)CO)O)N)O[C@@H]6CCCCO6,0.02578954
CC1=C(C(CCC1)(C)C)CCC(=O)C,0.023924842
CN1C(=O)CCC(=N1)C(=O)N,0.019379051
C[C@]12CC[C@H]3[C@H]([C@@H]1CC[C@@H]2C(=O)O)CCC4=CC(=O)CC[C@]34C,0.020795017
CC1=C(C=CS1)Br,0.024967948
C1=CC=C(C=C1)CCNC(=O)CCCl,0.021927202
C1CCN(CC1)C[C@H](CO/N=C(\C2=C[N+](=CC=C2)[O-])/Cl)O,0.040428724
CC[C@@]1(C2=C(COC1=O)C(=O)N3CC4=C(C5=CC=CC=C5N=C4C3=C2)/C=N\OC(C)(C)C)O,0.56271905
C=CCNC1=NC(=NC(=N1)N2CCN(CC2)C(C3=CC=C(C=C3)F)C4=CC=C(C=C4)F)NCC=C,0.13564736
C(/C=C/CO)O,0.11559394
C1=CC=C2C(=C1)C(=CN2)CO,0.702469
CCN(CC)C1=C(C=C(C(=C1[N+](=O)[O-])N)C(F)(F)F)[N+](=O)[O-],0.02268908
CC(C)N(C(C)C)C(=O)SCC(=CCl)Cl,0.36085126
C1=CC2=C3C(=C1)C=CC4=C(C=CC(=C43)C=C2)O,0.9657895
CCC1=CC(=C(C=C1)O)C(C)(C)C,0.93538576
CN1CCC2=CC3=C(C=C2C1O)OCO3,0.022133946
CCCC(C1=CC(=C(C=C1C)O)C(C)(C)C)C2=CC(=C(C=C2C)O)C(C)(C)C,0.7114604
C1=NC2=C(N1)C(=O)N=CN2,0.022216612
CN1CC(=O)N=C1N,0.024112951
CCOC1=NC2=CC=CC(=C2N1CC3=CC=C(C=C3)C4=CC=CC=C4C5=NNN=N5)C(=O)O,0.021310467
